filename,eye_count,lips_count,face_count,eye_label,lips_label,face_label
vHX717.png,2,3,2,simple,simple,simple
vRX729.png,5,4,3,complex,complex,simple
vFG700.png,5,3,4,complex,simple,complex
XMY-038.png,4,4,3,complex,complex,simple
vRX546.png,1,3,1,simple,simple,simple
vFG503.png,4,3,4,complex,simple,complex
vFG549.png,4,3,3,complex,simple,simple
60d2f4fe0275d790-60de8deab87e73ea-46ab964a17ecf7b8ef7a3ee1e1869d56.png,4,3,4,complex,simple,complex
vRX187.png,4,3,4,complex,simple,complex
vHX185.png,3,3,3,simple,simple,simple
vHX53.png,3,2,2,simple,simple,simple
vFG132.png,5,4,3,complex,complex,simple
vFG440.png,4,4,4,complex,complex,complex
vHX727.png,3,3,1,simple,simple,simple
vHX76.png,2,4,4,simple,complex,complex
vFG836.png,2,3,3,simple,simple,simple
vFG595.png,4,3,3,complex,simple,simple
vRX375.png,3,3,3,simple,simple,simple
vFG409.png,5,3,3,complex,simple,simple
vHX373.png,6,3,3,complex,simple,simple
vHX751.png,5,3,4,complex,simple,complex
vRX768.png,1,2,3,simple,simple,simple
vRX32.png,2,4,2,simple,complex,simple
vRX289.png,5,3,3,complex,simple,simple
vFG436.png,2,4,3,simple,complex,simple
vRX155.png,5,4,2,complex,complex,simple
vRX451.png,3,3,2,simple,simple,simple
vRX580.png,4,4,2,complex,complex,simple
vHX752.png,4,3,3,complex,simple,simple
vHX421.png,3,4,3,simple,complex,simple
vHX123.png,2,4,3,simple,complex,simple
af0133cb94d36f4ab6fd45bb08a12d63.png,4,3,4,complex,simple,complex
XYH-176.png,4,4,2,complex,complex,simple
vHX405.png,3,4,3,simple,complex,simple
vHX594.png,3,3,2,simple,simple,simple
vHX91.png,3,3,2,simple,simple,simple
vHX586.png,3,3,2,simple,simple,simple
vFG789.png,4,3,4,complex,simple,complex
vFG662.png,5,4,3,complex,complex,simple
vRX832.png,4,2,1,complex,simple,simple
vHX426.png,4,3,2,complex,simple,simple
vRX667.png,4,3,2,complex,simple,simple
vFG722.png,4,3,5,complex,simple,complex
vRX242.png,4,4,5,complex,complex,complex
vHX736.png,4,3,1,complex,simple,simple
vFG185.png,4,3,4,complex,simple,complex
vRX74.png,3,3,3,simple,simple,simple
vFG289.png,5,3,3,complex,simple,simple
f847b44eb6262c0b07d4c80cd774b616.png,4,3,5,complex,simple,complex
vFG843.png,3,2,3,simple,simple,simple
vFG255.png,6,4,4,complex,complex,complex
vFG428.png,5,3,4,complex,simple,complex
vFG432.png,4,2,3,complex,simple,simple
vRX611.png,2,2,2,simple,simple,simple
f6b9b1ae308d89d6286ca67a63ee7d53.png,3,3,4,simple,simple,complex
vRX743.png,5,3,3,complex,simple,simple
vFG552.png,5,3,4,complex,simple,complex
vFG396.png,5,3,4,complex,simple,complex
vHX419.png,5,3,4,complex,simple,complex
vRX720.png,4,3,3,complex,simple,simple
b611749cd41b1f3f1d453e13192e6eac.png,5,3,5,complex,simple,complex
ac75323d6b6de243-7728d900ea0dce1d-ab6d68c3b56b105ad43d2b62643f5b50.png,4,4,3,complex,complex,simple
vHX563.png,1,2,1,simple,simple,simple
vHX707.png,1,3,2,simple,simple,simple
vRX728.png,2,3,2,simple,simple,simple
vRX589.png,3,4,3,simple,complex,simple
vRX719.png,5,3,4,complex,simple,complex
XMY-136.png,4,3,4,complex,simple,complex
vRX241.png,4,4,5,complex,complex,complex
vHX347.png,4,4,5,complex,complex,complex
vRX656.png,4,2,4,complex,simple,complex
vFG442.png,4,3,4,complex,simple,complex
vFG621.png,4,3,4,complex,simple,complex
vRX429.png,4,2,3,complex,simple,simple
vHX666.png,3,3,2,simple,simple,simple
vRX542.png,3,2,3,simple,simple,simple
vFG805.png,5,2,3,complex,simple,simple
vRX419.png,4,3,3,complex,simple,simple
vHX192.png,3,3,2,simple,simple,simple
vFG261.png,3,3,4,simple,simple,complex
vHX641.png,4,3,2,complex,simple,simple
vRX568.png,5,3,3,complex,simple,simple
vHX558.png,3,2,2,simple,simple,simple
XMY-425.png,5,3,4,complex,simple,complex
vRX426.png,2,2,2,simple,simple,simple
vFG411.png,4,1,2,complex,simple,simple
vHX72.png,3,3,3,simple,simple,simple
cf1b9d16fdfaaf5141126053865494eef11f7a6d.png,5,3,1,complex,simple,simple
vHX725.png,3,3,3,simple,simple,simple
caacbe9d52ffce79cb2d37469975583f.png,4,2,5,complex,simple,complex
vFG276.png,3,2,2,simple,simple,simple
vFG834.png,2,3,3,simple,simple,simple
vRX317.png,4,4,1,complex,complex,simple
vRX311.png,4,2,2,complex,simple,simple
XMY-430.png,3,3,5,simple,simple,complex
vHX254.png,4,4,3,complex,complex,simple
XMY-078.png,4,2,4,complex,simple,complex
vRX785.png,3,3,3,simple,simple,simple
XMY-014.png,6,3,5,complex,simple,complex
vFG277.png,2,4,4,simple,complex,complex
vRX336.png,3,5,5,simple,complex,complex
tyr4y.png,4,3,5,complex,simple,complex
vHX239.png,2,3,2,simple,simple,simple
vHX505.png,4,3,4,complex,simple,complex
vRX649.png,4,4,5,complex,complex,complex
vFG408.png,5,3,3,complex,simple,simple
vFG587.png,4,3,5,complex,simple,complex
vFG569.png,4,3,4,complex,simple,complex
vRX803.png,4,3,2,complex,simple,simple
vHX3.png,3,2,2,simple,simple,simple
vHX765.png,3,3,2,simple,simple,simple
vFG620.png,3,2,1,simple,simple,simple
vHX598.png,5,3,3,complex,simple,simple
vRX480.png,3,3,3,simple,simple,simple
vHX333.png,3,3,2,simple,simple,simple
vFG129.png,4,4,3,complex,complex,simple
vRX436.png,5,3,5,complex,simple,complex
vFG514.png,5,2,5,complex,simple,complex
vFG653.png,4,3,2,complex,simple,simple
vHX541.png,5,3,3,complex,simple,simple
vHX756.png,3,3,1,simple,simple,simple
YH-62.png,4,3,1,complex,simple,simple
vRX293.png,4,2,2,complex,simple,simple
u8yuyu.png,5,3,4,complex,simple,complex
vFG303.png,5,4,4,complex,complex,complex
acffb649e01f6a3c3da153b09e6ecb5e.png,4,2,2,complex,simple,simple
vRX761.png,4,2,4,complex,simple,complex
vRX190.png,4,3,2,complex,simple,simple
vHX523.png,5,3,2,complex,simple,simple
vRX801.png,3,3,3,simple,simple,simple
vFG218.png,3,3,4,simple,simple,complex
vRX355.png,4,4,2,complex,complex,simple
vRX760.png,3,3,1,simple,simple,simple
vRX70.png,3,2,4,simple,simple,complex
vHX208.png,4,1,1,complex,simple,simple
vFG197.png,4,3,3,complex,simple,simple
vHX749.png,2,3,1,simple,simple,simple
vFG43.png,3,3,4,simple,simple,complex
vHX243.png,2,3,3,simple,simple,simple
vHX474.png,3,3,3,simple,simple,simple
vHX206.png,6,2,5,complex,simple,complex
vHX160.png,3,3,2,simple,simple,simple
vHX37.png,4,2,1,complex,simple,simple
vHX572.png,4,3,4,complex,simple,complex
vFG602.png,5,3,3,complex,simple,simple
vRX693.png,4,2,3,complex,simple,simple
vRX741.png,4,3,3,complex,simple,simple
vFG273.png,6,4,4,complex,complex,complex
vFG786.png,4,4,3,complex,complex,simple
vHX693.png,5,3,2,complex,simple,simple
YUEHUI-386.png,3,3,4,simple,simple,complex
vFG221.png,5,2,4,complex,simple,complex
vRX670.png,3,2,3,simple,simple,simple
vHX499.png,5,3,2,complex,simple,simple
vFG63.png,4,3,4,complex,simple,complex
vRX279.png,4,3,1,complex,simple,simple
vRX794.png,3,3,4,simple,simple,complex
vRX191.png,3,3,4,simple,simple,complex
vFG667.png,3,3,3,simple,simple,simple
vRX172.png,3,2,2,simple,simple,simple
vRX328.png,4,5,2,complex,complex,simple
vHX99.png,4,3,2,complex,simple,simple
vFG550.png,2,3,3,simple,simple,simple
vRX273.png,6,2,3,complex,simple,simple
vRX732.png,4,3,3,complex,simple,simple
vFG210.png,5,2,4,complex,simple,complex
vRX684.png,4,2,3,complex,simple,simple
vRX863.png,6,5,3,complex,complex,simple
vFG398.png,6,4,4,complex,complex,complex
vRX655.png,4,3,4,complex,simple,complex
vFG410.png,4,2,4,complex,simple,complex
vHX174.png,4,3,2,complex,simple,simple
vRX378.png,4,2,3,complex,simple,simple
vHX10.png,2,2,3,simple,simple,simple
f538746aee55620df850fcbf736ca4ce.png,3,4,4,simple,complex,complex
8db95cd8a9d4cee2346d8978f6eb287b.png,3,3,2,simple,simple,simple
vRX766.png,5,2,4,complex,simple,complex
vFG649.png,4,3,4,complex,simple,complex
vFG460.png,3,4,4,simple,complex,complex
vHX645.png,4,2,2,complex,simple,simple
vFG604.png,2,3,4,simple,simple,complex
vFG270.png,3,3,3,simple,simple,simple
XMY-064.png,5,2,4,complex,simple,complex
vRX500.png,5,3,3,complex,simple,simple
vFG91.png,5,3,3,complex,simple,simple
vHX380.png,1,3,1,simple,simple,simple
vFG265.png,2,4,3,simple,complex,simple
vRX450.png,4,4,3,complex,complex,simple
vHX574.png,4,2,4,complex,simple,complex
vFG272.png,4,2,1,complex,simple,simple
6fd81f6842562b541f3ee42f9294ab06.png,4,2,3,complex,simple,simple
vRX31.png,4,3,3,complex,simple,simple
vHX246.png,2,4,5,simple,complex,complex
vHX582.png,4,2,2,complex,simple,simple
iikuik.png,3,3,4,simple,simple,complex
vHX551.png,3,2,2,simple,simple,simple
vFG759.png,3,3,5,simple,simple,complex
vRX759.png,3,3,4,simple,simple,complex
vFG371.png,3,4,4,simple,complex,complex
vRX862.png,4,3,2,complex,simple,simple
vFG480.png,6,3,4,complex,simple,complex
vRX145.png,5,4,2,complex,complex,simple
vHX11.png,2,2,2,simple,simple,simple
vFG750.png,5,3,4,complex,simple,complex
XMY-424.png,3,4,5,simple,complex,complex
XMY-027.png,5,3,4,complex,simple,complex
vFG122.png,4,2,5,complex,simple,complex
vFG751.png,3,4,2,simple,complex,simple
vHX397.png,4,3,1,complex,simple,simple
vHX696.png,4,2,3,complex,simple,simple
vHX390.png,4,2,2,complex,simple,simple
vFG696.png,5,3,4,complex,simple,complex
vFG98.png,3,3,3,simple,simple,simple
vHX404.png,3,3,3,simple,simple,simple
vHX537.png,4,2,1,complex,simple,simple
vFG328.png,4,4,1,complex,complex,simple
vRX650.png,4,3,2,complex,simple,simple
vRX356.png,3,3,4,simple,simple,complex
vFG784.png,5,4,4,complex,complex,complex
vRX815.png,4,4,5,complex,complex,complex
vRX575.png,2,3,2,simple,simple,simple
XMY-219.png,3,3,5,simple,simple,complex
vRX216.png,4,3,4,complex,simple,complex
vRX123.png,3,3,2,simple,simple,simple
vFG173.png,6,4,5,complex,complex,complex
ttrerr.png,4,3,4,complex,simple,complex
vFG290.png,4,3,5,complex,simple,complex
XMY-152.png,6,2,3,complex,simple,simple
vFG659.png,4,2,4,complex,simple,complex
b9fb8dba04463aeb170f7e6c88106c95.png,4,3,3,complex,simple,simple
vHX702.png,5,2,3,complex,simple,simple
f7d2c97e864d1153aad1fd8b7d66fc0f.png,5,3,3,complex,simple,simple
vHX493.png,4,2,2,complex,simple,simple
vRX507.png,5,3,2,complex,simple,simple
vRX838.png,2,2,3,simple,simple,simple
vRX791.png,4,2,2,complex,simple,simple
vFG812.png,4,4,6,complex,complex,complex
vRX330.png,4,3,2,complex,simple,simple
vFG505.png,4,3,5,complex,simple,complex
vFG259.png,7,3,4,complex,simple,complex
vFG753.png,4,3,4,complex,simple,complex
vRX797.png,3,2,2,simple,simple,simple
vHX148.png,4,3,2,complex,simple,simple
vHX744.png,5,4,2,complex,complex,simple
vRX320.png,5,4,2,complex,complex,simple
vFG655.png,4,2,2,complex,simple,simple
vRX442.png,2,3,3,simple,simple,simple
vFG321.png,5,3,5,complex,simple,complex
vFG187.png,3,3,3,simple,simple,simple
vRX590.png,5,3,3,complex,simple,simple
vFG744.png,5,3,2,complex,simple,simple
vRX714.png,4,3,2,complex,simple,simple
vFG527.png,3,3,2,simple,simple,simple
vHX747.png,4,3,3,complex,simple,simple
vHX695.png,3,3,1,simple,simple,simple
vFG207.png,4,2,5,complex,simple,complex
vFG252.png,5,2,4,complex,simple,complex
vRX454.png,6,3,2,complex,simple,simple
vFG1.png,5,2,5,complex,simple,complex
vRX444.png,2,3,4,simple,simple,complex
vHX502.png,2,2,2,simple,simple,simple
vHX314.png,4,3,1,complex,simple,simple
vHX25.png,5,2,2,complex,simple,simple
vFG70.png,3,2,2,simple,simple,simple
vHX494.png,3,4,4,simple,complex,complex
vHX236.png,2,3,3,simple,simple,simple
vHX270.png,5,4,4,complex,complex,complex
vFG97.png,4,2,4,complex,simple,complex
vHX38.png,2,3,2,simple,simple,simple
vRX275.png,5,3,5,complex,simple,complex
vRX554.png,2,3,3,simple,simple,simple
vRX69.png,4,4,4,complex,complex,complex
vHX1.png,5,2,3,complex,simple,simple
vHX735.png,3,3,1,simple,simple,simple
vRX736.png,3,3,2,simple,simple,simple
vRX567.png,5,2,2,complex,simple,simple
vRX215.png,3,4,2,simple,complex,simple
vFG8.png,2,2,5,simple,simple,complex
efa58ffcd5bebeb2810fc1adfd76f151.png,3,2,3,simple,simple,simple
vFG525.png,4,3,3,complex,simple,simple
vRX472.png,5,3,3,complex,simple,simple
vHX447.png,4,1,3,complex,simple,simple
vRX428.png,3,3,2,simple,simple,simple
vHX436.png,4,3,2,complex,simple,simple
XMY-050.png,4,3,3,complex,simple,simple
vHX165.png,4,2,4,complex,simple,complex
YH-32.png,5,3,3,complex,simple,simple
vFG383.png,6,3,5,complex,simple,complex
vHX145.png,3,3,4,simple,simple,complex
vHX481.png,4,4,4,complex,complex,complex
vHX672.png,2,4,3,simple,complex,simple
vFG689.png,5,3,3,complex,simple,simple
rtertetet.png,3,2,2,simple,simple,simple
vFG399.png,6,4,3,complex,complex,simple
vHX521.png,5,3,2,complex,simple,simple
vHX616.png,3,3,2,simple,simple,simple
vFG682.png,2,4,2,simple,complex,simple
vRX490.png,5,3,2,complex,simple,simple
XMY-465.png,5,4,4,complex,complex,complex
vFG181.png,4,4,5,complex,complex,complex
vRX263.png,4,5,4,complex,complex,complex
vFG779.png,5,3,6,complex,simple,complex
vRX423.png,3,4,4,simple,complex,complex
vFG646.png,5,3,3,complex,simple,simple
931b6c51b7f539758d1ed62096594f57.png,4,2,4,complex,simple,complex
vRX796.png,1,2,3,simple,simple,simple
vFG614.png,6,4,4,complex,complex,complex
vHX73.png,3,3,5,simple,simple,complex
vFG195.png,4,2,4,complex,simple,complex
a2b006d50e033f268912a845ddf33c15.png,2,3,2,simple,simple,simple
XYH-043.png,2,4,3,simple,complex,simple
vFG379.png,5,3,3,complex,simple,simple
XMY-370.png,5,3,3,complex,simple,simple
vHX545.png,4,4,3,complex,complex,simple
vHX45.png,2,3,3,simple,simple,simple
vRX171.png,3,3,3,simple,simple,simple
vRX269.png,3,3,2,simple,simple,simple
vFG673.png,4,4,2,complex,complex,simple
vRX30.png,3,3,3,simple,simple,simple
vFG329.png,3,3,4,simple,simple,complex
vFG149.png,4,4,3,complex,complex,simple
vRX536.png,5,4,3,complex,complex,simple
vFG551.png,2,2,3,simple,simple,simple
vHX487.png,4,2,2,complex,simple,simple
vHX721.png,4,1,1,complex,simple,simple
vHX730.png,5,4,2,complex,complex,simple
vFG418.png,5,3,4,complex,simple,complex
vFG231.png,3,2,3,simple,simple,simple
vRX362.png,3,4,3,simple,complex,simple
XYH-005.png,3,4,2,simple,complex,simple
vHX323.png,4,3,2,complex,simple,simple
t01f0988463efd03350.png,5,4,5,complex,complex,complex
vRX316.png,2,3,3,simple,simple,simple
vHX306.png,6,3,3,complex,simple,simple
vHX39.png,3,3,2,simple,simple,simple
vFG400.png,4,3,4,complex,simple,complex
vHX178.png,4,3,1,complex,simple,simple
vRX404.png,4,3,4,complex,simple,complex
XMY-086.png,3,3,4,simple,simple,complex
vRX605.png,2,4,4,simple,complex,complex
vFG533.png,2,3,1,simple,simple,simple
vFG813.png,5,3,3,complex,simple,simple
vRX342.png,3,4,2,simple,complex,simple
vRX401.png,2,3,2,simple,simple,simple
vRX774.png,4,3,4,complex,simple,complex
a8a6e5d6a6f163d153af04fc3e1dfc60.png,3,2,3,simple,simple,simple
vRX220.png,3,3,1,simple,simple,simple
vRX126.png,3,3,2,simple,simple,simple
vRX639.png,4,4,3,complex,complex,simple
vRX645.png,5,2,3,complex,simple,simple
vHX371.png,5,3,3,complex,simple,simple
vHX452.png,2,3,3,simple,simple,simple
vFG493.png,4,3,2,complex,simple,simple
vFG246.png,5,3,3,complex,simple,simple
238c880b0ac3584fd9111c98938a68f5.png,4,3,3,complex,simple,simple
vFG237.png,5,4,5,complex,complex,complex
XMY-140.png,5,3,6,complex,simple,complex
vFG559.png,5,3,3,complex,simple,simple
vRX206.png,4,3,4,complex,simple,complex
vFG367.png,4,3,3,complex,simple,simple
vHX7.png,4,3,4,complex,simple,complex
vFG455.png,4,4,5,complex,complex,complex
vFG601.png,4,4,4,complex,complex,complex
XYUH-042.png,3,3,4,simple,simple,complex
vHX187.png,4,3,4,complex,simple,complex
vHX260.png,3,4,4,simple,complex,complex
vFG17.png,3,3,4,simple,simple,complex
vFG755.png,5,3,4,complex,simple,complex
vRX705.png,5,3,4,complex,simple,complex
vRX792.png,3,3,2,simple,simple,simple
XMY-002.png,6,4,5,complex,complex,complex
vFG363.png,5,4,4,complex,complex,complex
vFG761.png,2,2,4,simple,simple,complex
vFG306.png,4,3,4,complex,simple,complex
vFG481.png,3,3,3,simple,simple,simple
vRX387.png,3,3,2,simple,simple,simple
vRX304.png,4,3,4,complex,simple,complex
vFG765.png,4,3,5,complex,simple,complex
vHX146.png,3,4,4,simple,complex,complex
vRX559.png,3,3,2,simple,simple,simple
vFG537.png,6,3,3,complex,simple,simple
vHX506.png,5,2,2,complex,simple,simple
vFG28.png,4,3,1,complex,simple,simple
vRX623.png,3,4,2,simple,complex,simple
vHX60.png,3,4,1,simple,complex,simple
vHX579.png,3,4,3,simple,complex,simple
vHX54.png,3,3,2,simple,simple,simple
vFG627.png,5,4,4,complex,complex,complex
vFG240.png,4,2,3,complex,simple,simple
vRX227.png,2,4,3,simple,complex,simple
XYH-073.png,5,3,4,complex,simple,complex
vHX313.png,3,2,4,simple,simple,complex
XMY-221.png,4,4,4,complex,complex,complex
vHX501.png,5,3,2,complex,simple,simple
vFG547.png,4,4,5,complex,complex,complex
vFG226.png,3,4,3,simple,complex,simple
vFG193.png,4,1,2,complex,simple,simple
vFG333.png,3,4,5,simple,complex,complex
XYUH-046.png,3,3,3,simple,simple,simple
XYUH-168.png,2,3,3,simple,simple,simple
ac75323d6b6de243-cac4955356021c85-37a4b07aba804a4560d72b40201223b8.png,4,3,2,complex,simple,simple
b1da9bda9481c183bf8709e8b3c211f7.png,5,4,4,complex,complex,complex
vFG760.png,6,4,2,complex,complex,simple
vRX461.png,4,4,4,complex,complex,complex
ntk2164.png,4,4,4,complex,complex,complex
vRX839.png,3,3,5,simple,simple,complex
vHX133.png,2,2,3,simple,simple,simple
vRX622.png,3,2,1,simple,simple,simple
vFG633.png,2,2,1,simple,simple,simple
vRX694.png,3,3,2,simple,simple,simple
vRX508.png,5,3,4,complex,simple,complex
vFG762.png,3,3,5,simple,simple,complex
522a70de6befeb69d197ce74256fc71d.png,4,4,2,complex,complex,simple
vHX454.png,3,4,2,simple,complex,simple
vFG610.png,4,3,3,complex,simple,simple
XYUH-074.png,5,4,5,complex,complex,complex
vFG637.png,5,3,3,complex,simple,simple
vFG690.png,4,3,4,complex,simple,complex
vHX65.png,4,3,2,complex,simple,simple
vFG684.png,5,4,4,complex,complex,complex
vFG274.png,5,3,4,complex,simple,complex
vRX734.png,5,4,3,complex,complex,simple
vRX762.png,4,3,1,complex,simple,simple
vHX553.png,3,2,2,simple,simple,simple
vFG162.png,5,3,2,complex,simple,simple
vFG707.png,5,2,3,complex,simple,simple
vHX353.png,3,3,3,simple,simple,simple
vRX382.png,6,5,4,complex,complex,complex
vFG118.png,3,4,4,simple,complex,complex
vHX692.png,4,4,4,complex,complex,complex
vFG393.png,3,2,4,simple,simple,complex
vRX43.png,3,3,3,simple,simple,simple
vRX4.png,6,4,5,complex,complex,complex
vRX569.png,6,3,4,complex,simple,complex
XYH-032.png,5,3,4,complex,simple,complex
vFG466.png,2,4,5,simple,complex,complex
vFG170.png,3,3,4,simple,simple,complex
XMY-408.png,3,3,4,simple,simple,complex
XMY-400.png,4,3,3,complex,simple,simple
vHX199.png,3,3,4,simple,simple,complex
XYH-004.png,4,1,4,complex,simple,complex
vFG139.png,5,2,4,complex,simple,complex
vFG548.png,4,3,4,complex,simple,complex
vHX646.png,2,3,4,simple,simple,complex
vRX142.png,3,3,4,simple,simple,complex
vRX553.png,2,2,1,simple,simple,simple
vFG532.png,5,4,5,complex,complex,complex
vRX550.png,3,3,2,simple,simple,simple
vFG444.png,4,2,4,complex,simple,complex
ac75323d6b6de243-7728d900ea0dce1d-e801f8a3ef5d0944015418d2e68dcb80.png,3,4,2,simple,complex,simple
vFG356.png,3,4,5,simple,complex,complex
b7f5ae71f9cdfe281a05c409a146de80.png,5,3,4,complex,simple,complex
vRX652.png,5,2,3,complex,simple,simple
vHX204.png,4,4,1,complex,complex,simple
vHX737.png,5,3,3,complex,simple,simple
vRX228.png,2,4,2,simple,complex,simple
vFG296.png,4,3,3,complex,simple,simple
vHX97.png,2,2,1,simple,simple,simple
vFG504.png,3,3,3,simple,simple,simple
vHX734.png,4,5,5,complex,complex,complex
vHX326.png,5,3,2,complex,simple,simple
vHX388.png,3,2,3,simple,simple,simple
vHX491.png,4,3,2,complex,simple,simple
vFG631.png,3,4,6,simple,complex,complex
vFG538.png,3,4,2,simple,complex,simple
XYUH-119.png,3,2,5,simple,simple,complex
vFG748.png,5,3,5,complex,simple,complex
vRX73.png,3,3,2,simple,simple,simple
XMY-077.png,5,2,5,complex,simple,complex
vHX115.png,3,3,2,simple,simple,simple
vRX397.png,3,3,1,simple,simple,simple
XMY-025.png,4,3,3,complex,simple,simple
vRX427.png,4,3,3,complex,simple,simple
vRX329.png,4,3,4,complex,simple,complex
vHX167.png,4,3,5,complex,simple,complex
vFG391.png,5,4,5,complex,complex,complex
vHX258.png,5,2,3,complex,simple,simple
vFG712.png,4,3,2,complex,simple,simple
vHX689.png,5,3,4,complex,simple,complex
vRX660.png,3,4,1,simple,complex,simple
XMY-053.png,5,6,5,complex,complex,complex
862fe4555e054d32bea60106c0e448f8.png,6,4,6,complex,complex,complex
abe1eea3ca79fc28-c577ebdcb0f3dbcc-c0cba939eda71755a4c6c808b610968e.png,3,3,4,simple,simple,complex
vFG721.png,2,3,3,simple,simple,simple
vHX147.png,4,3,5,complex,simple,complex
5882b2b7d0a20cf4fbd757f37d094b36acaf9953.png,4,3,4,complex,simple,complex
fc473edad1b4a1dc8f66825b0b59b398.png,4,2,3,complex,simple,simple
vFG203.png,3,3,3,simple,simple,simple
XYH-171.png,5,3,3,complex,simple,simple
vFG545.png,5,4,5,complex,complex,complex
XMY-120.png,4,4,4,complex,complex,complex
vHX500.png,2,3,2,simple,simple,simple
vRX359.png,2,2,3,simple,simple,simple
a75c5f26161c37ad0164d08c93f6449f.png,3,3,2,simple,simple,simple
vHX94.png,5,3,3,complex,simple,simple
vRX723.png,6,2,4,complex,simple,complex
vHX518.png,5,3,1,complex,simple,simple
vFG130.png,3,2,2,simple,simple,simple
vHX520.png,2,3,3,simple,simple,simple
vRX689.png,4,3,3,complex,simple,simple
vRX538.png,4,3,3,complex,simple,simple
vRX179.png,5,3,5,complex,simple,complex
vFG334.png,5,4,4,complex,complex,complex
vRX506.png,2,4,3,simple,complex,simple
vHX309.png,2,3,4,simple,simple,complex
vHX748.png,4,4,2,complex,complex,simple
XMY-245.png,4,3,2,complex,simple,simple
vHX277.png,3,2,4,simple,simple,complex
vHX451.png,3,5,4,simple,complex,complex
vHX84.png,3,2,2,simple,simple,simple
vFG605.png,4,3,3,complex,simple,simple
vRX398.png,5,4,3,complex,complex,simple
vHX651.png,3,4,1,simple,complex,simple
vHX512.png,2,4,2,simple,complex,simple
XMY-009.png,4,4,6,complex,complex,complex
vHX356.png,4,3,2,complex,simple,simple
vRX164.png,2,4,5,simple,complex,complex
vFG422.png,3,3,3,simple,simple,simple
vFG518.png,4,4,5,complex,complex,complex
vRX257.png,4,3,5,complex,simple,complex
XYH-013.png,3,3,3,simple,simple,simple
vRX238.png,6,4,6,complex,complex,complex
vFG280.png,5,3,5,complex,simple,complex
vHX446.png,3,3,2,simple,simple,simple
vFG730.png,5,4,4,complex,complex,complex
4529a3a52bc24f5d-1c9d5a73fa766f08-d3266f13a93eca6eec1a957430f24027.png,5,3,3,complex,simple,simple
XYH-045.png,5,3,2,complex,simple,simple
vHX495.png,5,3,2,complex,simple,simple
vHX556.png,5,2,4,complex,simple,complex
vFG490.png,4,3,4,complex,simple,complex
vFG809.png,4,4,3,complex,complex,simple
vFG695.png,6,4,4,complex,complex,complex
vHX9.png,4,4,3,complex,complex,simple
vHX172.png,5,5,5,complex,complex,complex
vRX809.png,3,4,3,simple,complex,simple
vRX735.png,5,3,2,complex,simple,simple
vRX224.png,4,3,5,complex,simple,complex
ac75323d6b6de243-c361eb70e2169653-407ef8cdb211ef09d22f5d265cb760be.png,3,3,2,simple,simple,simple
XMY-060.png,4,3,3,complex,simple,simple
vFG519.png,2,2,3,simple,simple,simple
vFG142.png,4,4,3,complex,complex,simple
vFG679.png,5,4,4,complex,complex,complex
vFG680.png,3,2,4,simple,simple,complex
XYUH-135.png,3,4,5,simple,complex,complex
vRX231.png,4,4,4,complex,complex,complex
vRX637.png,3,3,4,simple,simple,complex
vRX232.png,5,3,4,complex,simple,complex
vHX336.png,3,4,3,simple,complex,simple
vRX371.png,4,4,3,complex,complex,simple
vFG107.png,5,4,2,complex,complex,simple
vFG80.png,5,3,4,complex,simple,complex
XYUH-124.png,3,2,3,simple,simple,simple
vFG57.png,5,2,5,complex,simple,complex
vRX118.png,4,5,3,complex,complex,simple
vFG671.png,3,3,1,simple,simple,simple
vFG539.png,2,3,4,simple,simple,complex
241583964d1caf9bd072a7a65a1b8cee.png,4,3,3,complex,simple,simple
vRX502.png,2,3,1,simple,simple,simple
vHX345.png,4,4,2,complex,complex,simple
vFG638.png,4,4,4,complex,complex,complex
vHX197.png,3,3,1,simple,simple,simple
licEnH3rBjSA.png,4,3,2,complex,simple,simple
vRX326.png,6,3,2,complex,simple,simple
vRX115.png,4,3,2,complex,simple,simple
vRX177.png,2,3,2,simple,simple,simple
vFG502.png,4,2,4,complex,simple,complex
vHX266.png,3,4,1,simple,complex,simple
vRX310.png,5,3,2,complex,simple,simple
vFG726.png,4,2,3,complex,simple,simple
XYH-120.png,2,3,4,simple,simple,complex
vRX389.png,4,3,4,complex,simple,complex
vFG147.png,5,4,3,complex,complex,simple
vFG301.png,5,4,5,complex,complex,complex
t01a0a6b5ac2332e8bb.png,5,3,2,complex,simple,simple
vHX272.png,5,5,3,complex,complex,simple
vFG126.png,5,3,4,complex,simple,complex
vFG562.png,5,2,4,complex,simple,complex
vHX194.png,4,4,4,complex,complex,complex
vFG500.png,4,1,4,complex,simple,complex
vHX278.png,2,3,3,simple,simple,simple
vFG499.png,4,3,3,complex,simple,simple
XYUH-017.png,5,4,4,complex,complex,complex
vHX363.png,4,3,3,complex,simple,simple
vFG348.png,2,5,4,simple,complex,complex
vHX431.png,3,3,4,simple,simple,complex
vHX540.png,4,2,2,complex,simple,simple
vRX535.png,5,4,4,complex,complex,complex
vHX608.png,5,2,2,complex,simple,simple
vHX217.png,3,3,1,simple,simple,simple
vFG346.png,4,3,2,complex,simple,simple
vFG293.png,5,3,3,complex,simple,simple
vFG421.png,4,4,4,complex,complex,complex
vRX194.png,2,4,3,simple,complex,simple
vRX357.png,2,4,3,simple,complex,simple
vRX274.png,3,3,4,simple,simple,complex
vHX733.png,5,4,3,complex,complex,simple
vRX54.png,6,3,4,complex,simple,complex
vRX282.png,5,3,3,complex,simple,simple
vHX221.png,3,3,3,simple,simple,simple
vRX854.png,4,3,3,complex,simple,simple
vRX458.png,5,3,2,complex,simple,simple
vFG606.png,3,3,4,simple,simple,complex
vRX243.png,6,4,2,complex,complex,simple
vRX280.png,5,3,3,complex,simple,simple
vRX722.png,2,4,2,simple,complex,simple
vFG324.png,4,2,2,complex,simple,simple
vRX740.png,4,3,2,complex,simple,simple
vHX338.png,5,3,2,complex,simple,simple
vRX513.png,4,3,2,complex,simple,simple
XYUH-040.png,2,3,4,simple,simple,complex
ac34b02a2289233ceb6d2e421f6dbe62.png,3,3,4,simple,simple,complex
a274bd4402b2905b2e677b35136cb681.png,4,3,2,complex,simple,simple
vFG716.png,5,4,2,complex,complex,simple
vHX369.png,4,3,1,complex,simple,simple
vFG692.png,4,4,5,complex,complex,complex
vFG461.png,5,3,5,complex,simple,complex
b2b25e73d1ac2d20931e2cb2a7d53b4a.png,4,2,4,complex,simple,complex
vHX168.png,2,3,1,simple,simple,simple
vRX668.png,5,4,2,complex,complex,simple
vRX29.png,1,3,2,simple,simple,simple
XYH-095.png,5,4,5,complex,complex,complex
YUEHUI-154.png,4,4,6,complex,complex,complex
vRX182.png,2,4,3,simple,complex,simple
vFG120.png,2,3,4,simple,simple,complex
vRX278.png,3,3,2,simple,simple,simple
6080d5c0247fefa245b6ad71b9feb5de.png,6,3,4,complex,simple,complex
b812c8fcc3cec3fd1f514f4cdd88d43f87942798.png,4,4,4,complex,complex,complex
vRX828.png,5,4,4,complex,complex,complex
vHX516.png,4,2,4,complex,simple,complex
vFG470.png,4,3,4,complex,simple,complex
vRX237.png,6,4,4,complex,complex,complex
vHX422.png,6,2,2,complex,simple,simple
vRX350.png,1,3,2,simple,simple,simple
vRX198.png,4,3,5,complex,simple,complex
vRX476.png,3,3,2,simple,simple,simple
vFG661.png,5,4,5,complex,complex,complex
XYUH-024.png,2,3,2,simple,simple,simple
vFG672.png,3,3,3,simple,simple,simple
vRX551.png,2,3,2,simple,simple,simple
vFG423.png,6,3,2,complex,simple,simple
vHX620.png,3,4,3,simple,complex,simple
vRX386.png,3,3,2,simple,simple,simple
vRX829.png,2,2,2,simple,simple,simple
vFG90.png,4,2,5,complex,simple,complex
vFG85.png,4,3,4,complex,simple,complex
vFG249.png,3,3,4,simple,simple,complex
vRX473.png,3,3,4,simple,simple,complex
8fb420459611cbe7e1e87f04abaa505f.png,4,3,3,complex,simple,simple
d5afeaac63dde5ef53ea578bec843ff8.png,4,4,5,complex,complex,complex
vHX342.png,3,2,3,simple,simple,simple
vFG715.png,3,3,2,simple,simple,simple
ac75323d6b6de243-cac4955356021c85-e76ed4e5372d80af9447cdbd314eafb2.png,3,3,3,simple,simple,simple
vRX821.png,3,3,4,simple,simple,complex
vFG169.png,2,3,4,simple,simple,complex
vHX269.png,5,2,5,complex,simple,complex
74a81ed20e457944b5273367cc969299.png,4,4,4,complex,complex,complex
vHX762.png,3,3,2,simple,simple,simple
vRX143.png,3,3,2,simple,simple,simple
XMY-066.png,4,3,4,complex,simple,complex
vHX238.png,4,3,2,complex,simple,simple
vFG603.png,4,3,2,complex,simple,simple
52b0ae5d02287e539f51ffe262821d7b.png,3,3,2,simple,simple,simple
vHX227.png,3,3,2,simple,simple,simple
vFG416.png,2,3,3,simple,simple,simple
vRX751.png,4,2,3,complex,simple,simple
vFG560.png,3,2,4,simple,simple,complex
vRX60.png,3,3,5,simple,simple,complex
vRX593.png,2,2,1,simple,simple,simple
vFG387.png,3,3,1,simple,simple,simple
vFG588.png,4,5,5,complex,complex,complex
vRX830.png,4,4,5,complex,complex,complex
vHX705.png,3,3,4,simple,simple,complex
vHX668.png,3,3,2,simple,simple,simple
vHX599.png,5,3,3,complex,simple,simple
vRX518.png,2,2,1,simple,simple,simple
vFG634.png,4,3,4,complex,simple,complex
vFG447.png,3,3,3,simple,simple,simple
vHX560.png,5,3,2,complex,simple,simple
vHX273.png,3,4,1,simple,complex,simple
vHX74.png,4,3,3,complex,simple,simple
vFG172.png,4,3,3,complex,simple,simple
vFG384.png,3,4,4,simple,complex,complex
vFG200.png,4,3,4,complex,simple,complex
6916698dd211dbc3b4b1527aa84f222b.png,4,3,3,complex,simple,simple
vRX345.png,3,3,3,simple,simple,simple
vFG66.png,4,2,2,complex,simple,simple
8a03c40114bbd2a6acf3b1d6d099329e.png,4,3,4,complex,simple,complex
92e954ddfd29aff0ad88fbe080fd3776.png,3,3,4,simple,simple,complex
XYH-118.png,3,3,2,simple,simple,simple
XYH-048.png,5,3,4,complex,simple,complex
vHX630.png,5,4,4,complex,complex,complex
vRX65.png,3,3,2,simple,simple,simple
vHX86.png,3,2,2,simple,simple,simple
vRX61.png,3,3,2,simple,simple,simple
vRX300.png,4,4,1,complex,complex,simple
XMY-261.png,4,3,5,complex,simple,complex
XMY-054.png,4,3,5,complex,simple,complex
XYH-026.png,4,3,2,complex,simple,simple
vFG314.png,3,3,3,simple,simple,simple
vRX767.png,3,4,5,simple,complex,complex
vRX579.png,4,3,1,complex,simple,simple
vHX103.png,3,1,1,simple,simple,simple
vHX117.png,5,4,3,complex,complex,simple
vHX249.png,4,3,3,complex,simple,simple
vHX647.png,4,4,3,complex,complex,simple
vHX750.png,3,2,3,simple,simple,simple
vHX529.png,5,3,1,complex,simple,simple
vRX26.png,4,3,4,complex,simple,complex
vFG541.png,3,3,2,simple,simple,simple
vRX626.png,4,4,4,complex,complex,complex
vHX757.png,3,3,1,simple,simple,simple
258eba7bc9387845d4a5210a2a749e68.png,4,3,5,complex,simple,complex
vHX20.png,4,3,2,complex,simple,simple
vFG835.png,4,3,2,complex,simple,simple
vRX625.png,3,3,2,simple,simple,simple
vRX725.png,6,4,5,complex,complex,complex
vFG437.png,3,3,4,simple,simple,complex
vHX670.png,4,3,2,complex,simple,simple
vHX152.png,5,2,3,complex,simple,simple
YUEHUI-207.png,3,4,1,simple,complex,simple
vHX184.png,5,3,5,complex,simple,complex
vHX131.png,5,4,3,complex,complex,simple
vFG112.png,5,4,3,complex,complex,simple
vFG772.png,4,3,5,complex,simple,complex
vRX648.png,2,2,2,simple,simple,simple
vFG429.png,4,3,3,complex,simple,simple
d92c6f00e75460c3a4c99a456de6ba79.png,3,2,4,simple,simple,complex
vHX62.png,5,4,5,complex,complex,complex
vFG465.png,4,2,1,complex,simple,simple
XMY-320.png,3,3,3,simple,simple,simple
vFG345.png,5,4,4,complex,complex,complex
vFG743.png,4,3,4,complex,simple,complex
XYH-049.png,5,3,4,complex,simple,complex
vRX380.png,6,4,3,complex,complex,simple
vRX255.png,4,3,4,complex,simple,complex
vRX724.png,4,4,3,complex,complex,simple
vHX118.png,5,3,4,complex,simple,complex
vHX354.png,4,3,2,complex,simple,simple
vFG160.png,3,3,4,simple,simple,complex
vHX67.png,2,2,3,simple,simple,simple
vRX157.png,4,2,3,complex,simple,simple
vHX367.png,4,4,2,complex,complex,simple
vFG556.png,5,4,3,complex,complex,simple
XMY-012.png,5,3,5,complex,simple,complex
4298ad4c38d17597-5c06c575c1723922-e8ae039f36c74c4286242f9dab93abb1.png,5,3,4,complex,simple,complex
vHX19.png,3,2,3,simple,simple,simple
vHX577.png,5,4,2,complex,complex,simple
vFG168.png,4,3,3,complex,simple,simple
vRX857.png,3,3,2,simple,simple,simple
vHX70.png,2,2,2,simple,simple,simple
vHX691.png,3,3,2,simple,simple,simple
vHX113.png,4,2,2,complex,simple,simple
XMY-150.png,4,4,4,complex,complex,complex
vHX764.png,5,3,3,complex,simple,simple
vFG558.png,4,3,4,complex,simple,complex
vRX158.png,4,4,4,complex,complex,complex
vHX772.png,5,3,1,complex,simple,simple
vHX680.png,3,2,1,simple,simple,simple
vRX343.png,3,2,3,simple,simple,simple
vFG841.png,7,3,2,complex,simple,simple
vFG247.png,5,3,3,complex,simple,simple
vRX864.png,4,3,1,complex,simple,simple
vFG74.png,3,5,2,simple,complex,simple
vRX628.png,3,2,1,simple,simple,simple
vFG449.png,3,3,3,simple,simple,simple
vFG73.png,3,4,4,simple,complex,complex
vFG543.png,6,4,5,complex,complex,complex
f4213d8736468fd3b0e7b3e7b99d9bef.png,3,2,3,simple,simple,simple
vHX13.png,6,3,2,complex,simple,simple
vHX104.png,3,2,4,simple,simple,complex
vFG4.png,5,4,5,complex,complex,complex
vFG198.png,3,3,4,simple,simple,complex
vHX417.png,6,4,2,complex,complex,simple
vRX449.png,4,1,2,complex,simple,simple
vRX307.png,3,2,1,simple,simple,simple
vFG443.png,4,2,4,complex,simple,complex
c76b8e6f627127cb9c0688de024c480f.png,3,3,3,simple,simple,simple
vHX275.png,2,3,3,simple,simple,simple
vRX48.png,5,2,1,complex,simple,simple
vFG420.png,3,3,4,simple,simple,complex
vRX456.png,5,3,3,complex,simple,simple
vHX584.png,3,3,2,simple,simple,simple
vHX414.png,3,3,2,simple,simple,simple
vFG258.png,3,4,4,simple,complex,complex
vRX176.png,2,3,2,simple,simple,simple
vRX276.png,3,3,3,simple,simple,simple
vHX769.png,3,3,3,simple,simple,simple
vRX634.png,4,3,1,complex,simple,simple
vFG622.png,3,4,4,simple,complex,complex
vRX657.png,4,3,1,complex,simple,simple
vRX496.png,4,3,1,complex,simple,simple
vFG515.png,4,3,3,complex,simple,simple
vRX150.png,4,2,3,complex,simple,simple
XYH-157.png,5,3,5,complex,simple,complex
vHX288.png,2,2,2,simple,simple,simple
vHX311.png,4,4,4,complex,complex,complex
vHX477.png,7,3,2,complex,simple,simple
vFG596.png,3,3,3,simple,simple,simple
vHX581.png,6,3,3,complex,simple,simple
vRX781.png,3,4,2,simple,complex,simple
ddacca8bf89e0abecd77e22f17cd154d.png,2,4,3,simple,complex,simple
vFG776.png,5,2,5,complex,simple,complex
vRX804.png,2,3,2,simple,simple,simple
vFG161.png,3,3,4,simple,simple,complex
vHX301.png,4,2,2,complex,simple,simple
vFG792.png,2,2,3,simple,simple,simple
vRX226.png,5,2,4,complex,simple,complex
vRX36.png,5,4,1,complex,complex,simple
vHX193.png,3,3,3,simple,simple,simple
vFG535.png,4,2,3,complex,simple,simple
vFG308.png,4,3,3,complex,simple,simple
vRX463.png,2,1,3,simple,simple,simple
6db04069ad1af6ec976e31b7e9e6cb0a.png,5,3,5,complex,simple,complex
vRX322.png,4,4,4,complex,complex,complex
vFG572.png,4,3,3,complex,simple,simple
vHX330.png,3,3,2,simple,simple,simple
vFG323.png,3,3,2,simple,simple,simple
XYH-109.png,5,4,5,complex,complex,complex
vFG570.png,4,3,4,complex,simple,complex
vHX169.png,1,3,3,simple,simple,simple
vHX357.png,5,3,2,complex,simple,simple
ryryry.png,3,3,4,simple,simple,complex
vFG15.png,5,3,4,complex,simple,complex
vHX755.png,2,3,4,simple,simple,complex
vHX760.png,3,3,1,simple,simple,simple
vRX105.png,5,3,3,complex,simple,simple
XMY-365.png,4,2,3,complex,simple,simple
vFG438.png,5,4,5,complex,complex,complex
XMY-032.png,4,4,5,complex,complex,complex
fd4f8721154ec707edd399272e67b9ba.png,3,4,4,simple,complex,complex
vRX612.png,3,3,3,simple,simple,simple
vRX909.png,5,3,6,complex,simple,complex
vRX27.png,5,3,3,complex,simple,simple
vHX739.png,3,2,4,simple,simple,complex
vRX253.png,5,3,3,complex,simple,simple
vFG60.png,4,2,2,complex,simple,simple
vHX634.png,4,3,3,complex,simple,simple
vHX542.png,5,3,4,complex,simple,complex
vHX346.png,3,3,1,simple,simple,simple
vFG575.png,5,4,5,complex,complex,complex
vHX376.png,3,1,3,simple,simple,simple
XMY-124.png,3,4,4,simple,complex,complex
vFG268.png,4,3,4,complex,simple,complex
vRX354.png,3,4,5,simple,complex,complex
vFG651.png,6,4,4,complex,complex,complex
XYH-031.png,2,2,4,simple,simple,complex
vFG326.png,4,4,3,complex,complex,simple
vFG313.png,5,3,4,complex,simple,complex
vFG113.png,5,3,4,complex,simple,complex
vHX276.png,3,4,5,simple,complex,complex
vRX789.png,4,3,2,complex,simple,simple
vFG33.png,6,4,5,complex,complex,complex
vFG37.png,5,4,6,complex,complex,complex
vRX526.png,5,4,4,complex,complex,complex
retertet.png,6,4,5,complex,complex,complex
vFG739.png,4,4,4,complex,complex,complex
vRX132.png,3,4,4,simple,complex,complex
XYH-160.png,4,3,5,complex,simple,complex
vHX267.png,4,3,4,complex,simple,complex
vHX359.png,1,3,4,simple,simple,complex
vRX523.png,4,3,2,complex,simple,simple
vRX606.png,5,4,4,complex,complex,complex
vRX532.png,5,3,3,complex,simple,simple
vRX62.png,4,3,3,complex,simple,simple
t01dedf35936ba667f3.png,4,3,3,complex,simple,simple
vRX299.png,5,3,2,complex,simple,simple
vRX168.png,2,3,2,simple,simple,simple
vRX368.png,8,4,6,complex,complex,complex
vRX104.png,3,4,4,simple,complex,complex
vHX746.png,5,3,3,complex,simple,simple
vRX260.png,3,3,2,simple,simple,simple
vHX528.png,4,4,4,complex,complex,complex
vHX163.png,5,3,3,complex,simple,simple
vFG106.png,4,4,4,complex,complex,complex
vHX316.png,3,4,2,simple,complex,simple
vRX787.png,3,4,4,simple,complex,complex
vRX479.png,4,3,2,complex,simple,simple
YUEHUI-45.png,4,3,2,complex,simple,simple
XYH-132.png,4,3,4,complex,simple,complex
vFG701.png,3,2,2,simple,simple,simple
vHX697.png,5,3,2,complex,simple,simple
vRX771.png,3,2,3,simple,simple,simple
vFG358.png,3,3,5,simple,simple,complex
vFG414.png,3,3,2,simple,simple,simple
32-41039.png,3,3,4,simple,simple,complex
vRX783.png,3,2,2,simple,simple,simple
vHX372.png,5,4,2,complex,complex,simple
vFG817.png,4,3,5,complex,simple,complex
XMY-020.png,5,4,5,complex,complex,complex
vRX186.png,5,3,2,complex,simple,simple
vFG529.png,3,3,4,simple,simple,complex
vFG50.png,5,3,3,complex,simple,simple
vFG55.png,4,4,4,complex,complex,complex
vHX351.png,5,3,2,complex,simple,simple
9b88951909bde896d18d71c42c2beca1.png,6,5,6,complex,complex,complex
vRX512.png,2,3,3,simple,simple,simple
vRX487.png,3,3,4,simple,simple,complex
vRX712.png,2,3,2,simple,simple,simple
vRX144.png,3,4,2,simple,complex,simple
vHX337.png,2,3,3,simple,simple,simple
vFG359.png,4,4,3,complex,complex,simple
vFG7.png,4,3,4,complex,simple,complex
vHX507.png,4,3,3,complex,simple,simple
vFG807.png,3,3,3,simple,simple,simple
vRX810.png,4,3,3,complex,simple,simple
vHX658.png,3,3,2,simple,simple,simple
vRX131.png,4,4,3,complex,complex,simple
vRX786.png,4,3,2,complex,simple,simple
vHX716.png,5,2,3,complex,simple,simple
vRX819.png,3,3,3,simple,simple,simple
vFG727.png,4,3,3,complex,simple,simple
04e2c48ab002327fc412786a51a36620.png,5,3,3,complex,simple,simple
vFG154.png,4,4,5,complex,complex,complex
vFG666.png,5,2,4,complex,simple,complex
vHX285.png,2,1,2,simple,simple,simple
vHX153.png,3,4,1,simple,complex,simple
vFG232.png,3,2,3,simple,simple,simple
vFG254.png,4,3,3,complex,simple,simple
XMY-062.png,4,2,3,complex,simple,simple
vRX642.png,3,4,4,simple,complex,complex
vFG582.png,4,3,4,complex,simple,complex
vRX341.png,4,3,1,complex,simple,simple
vRX717.png,4,3,4,complex,simple,complex
vHX610.png,5,2,5,complex,simple,complex
vFG665.png,4,3,3,complex,simple,simple
vFG245.png,5,4,3,complex,complex,simple
vHX283.png,4,4,3,complex,complex,simple
1c950a7b02087bf4743ff8d4f9d3572c11dfcf38.png,4,4,4,complex,complex,complex
vHX136.png,2,2,2,simple,simple,simple
vHX665.png,3,2,4,simple,simple,complex
vRX41.png,4,4,4,complex,complex,complex
vHX768.png,4,3,3,complex,simple,simple
XYH-122.png,4,3,3,complex,simple,simple
vRX370.png,2,3,2,simple,simple,simple
vRX574.png,3,5,3,simple,complex,simple
vHX455.png,2,2,3,simple,simple,simple
vRX485.png,3,3,3,simple,simple,simple
vFG568.png,5,3,3,complex,simple,simple
vRX63.png,3,2,5,simple,simple,complex
vFG62.png,7,5,5,complex,complex,complex
vRX581.png,2,3,1,simple,simple,simple
vHX469.png,5,2,1,complex,simple,simple
vRX347.png,4,3,3,complex,simple,simple
vHX479.png,3,3,5,simple,simple,complex
0556ab6f8b7c37609ab3ffd46678c125.png,7,3,5,complex,simple,complex
vHX234.png,4,3,2,complex,simple,simple
vFG704.png,6,3,3,complex,simple,simple
vFG652.png,4,2,4,complex,simple,complex
vRX896.png,5,4,6,complex,complex,complex
vHX686.png,6,2,1,complex,simple,simple
vHX398.png,3,2,3,simple,simple,simple
vFG424.png,4,3,5,complex,simple,complex
vFG64.png,6,3,3,complex,simple,simple
vFG224.png,3,4,5,simple,complex,complex
vHX439.png,5,2,2,complex,simple,simple
vRX673.png,4,3,3,complex,simple,simple
09001ec3246fb41a4c4aebf0069ed883.png,5,4,6,complex,complex,complex
vRX433.png,3,3,2,simple,simple,simple
80dca509fc9e8cc08e1b9b83a1163a5f.png,5,3,3,complex,simple,simple
vHX205.png,3,3,2,simple,simple,simple
vFG479.png,4,3,4,complex,simple,complex
vRX221.png,3,3,3,simple,simple,simple
vRX541.png,3,3,5,simple,simple,complex
vRX730.png,5,3,3,complex,simple,simple
vHX325.png,2,3,3,simple,simple,simple
XYUH-080.png,4,3,3,complex,simple,simple
vHX14.png,4,3,2,complex,simple,simple
vRX147.png,3,3,3,simple,simple,simple
vFG462.png,4,3,3,complex,simple,simple
vFG146.png,3,3,2,simple,simple,simple
vFG806.png,6,3,4,complex,simple,complex
vFG201.png,5,4,5,complex,complex,complex
vFG839.png,5,3,3,complex,simple,simple
vRX100.png,2,4,4,simple,complex,complex
YH-118.png,3,3,4,simple,simple,complex
vFG302.png,3,4,4,simple,complex,complex
vFG30.png,4,3,4,complex,simple,complex
vHX71.png,1,2,3,simple,simple,simple
vHX703.png,4,3,2,complex,simple,simple
vRX40.png,4,3,4,complex,simple,complex
vHX406.png,3,3,1,simple,simple,simple
vRX457.png,3,3,1,simple,simple,simple
vHX251.png,4,3,2,complex,simple,simple
vRX758.png,5,4,3,complex,complex,simple
vRX633.png,4,4,3,complex,complex,simple
vRX711.png,5,2,3,complex,simple,simple
vFG404.png,4,3,4,complex,simple,complex
20131230115730269.png,6,4,4,complex,complex,complex
vFG456.png,3,2,4,simple,simple,complex
vRX814.png,4,3,3,complex,simple,simple
vRX853.png,3,3,3,simple,simple,simple
039.png,4,2,1,complex,simple,simple
XYH-088.png,4,4,5,complex,complex,complex
vRX225.png,4,2,2,complex,simple,simple
vRX592.png,3,3,2,simple,simple,simple
vRX805.png,5,2,1,complex,simple,simple
vRX733.png,2,2,2,simple,simple,simple
vHX533.png,4,4,2,complex,complex,simple
vRX445.png,4,4,3,complex,complex,simple
vHX448.png,5,3,3,complex,simple,simple
vHX498.png,4,1,2,complex,simple,simple
vHX423.png,4,2,1,complex,simple,simple
vRX654.png,7,4,3,complex,complex,simple
vHX257.png,4,3,4,complex,simple,complex
vHX401.png,3,3,1,simple,simple,simple
vRX181.png,5,3,3,complex,simple,simple
vRX440.png,2,4,4,simple,complex,complex
vRX739.png,3,3,2,simple,simple,simple
vFG65.png,1,3,3,simple,simple,simple
vHX535.png,3,3,4,simple,simple,complex
vHX317.png,4,3,3,complex,simple,simple
vRX353.png,5,3,4,complex,simple,complex
vFG650.png,4,3,1,complex,simple,simple
vHX514.png,5,3,2,complex,simple,simple
vFG511.png,4,3,3,complex,simple,simple
vFG773.png,6,3,5,complex,simple,complex
vRX477.png,3,3,2,simple,simple,simple
vRX23.png,3,3,3,simple,simple,simple
vRX664.png,6,4,4,complex,complex,complex
vHX543.png,4,3,4,complex,simple,complex
vHX609.png,3,2,1,simple,simple,simple
vFG99.png,2,4,1,simple,complex,simple
vHX141.png,5,2,3,complex,simple,simple
XMY-426.png,2,2,5,simple,simple,complex
vHX87.png,4,3,4,complex,simple,complex
vFG564.png,4,4,5,complex,complex,complex
vRX42.png,5,4,4,complex,complex,complex
vRX713.png,4,2,2,complex,simple,simple
vRX272.png,3,3,4,simple,simple,complex
vRX686.png,2,3,2,simple,simple,simple
vHX394.png,4,3,3,complex,simple,simple
vRX715.png,3,3,4,simple,simple,complex
XYUH-022.png,5,3,5,complex,simple,complex
vHX511.png,4,2,3,complex,simple,simple
vFG510.png,3,3,4,simple,simple,complex
vFG362.png,1,2,3,simple,simple,simple
vFG804.png,5,3,4,complex,simple,complex
vHX255.png,3,3,3,simple,simple,simple
vFG336.png,5,3,3,complex,simple,simple
vRX80.png,4,2,3,complex,simple,simple
vRX738.png,4,2,4,complex,simple,complex
vFG642.png,4,2,4,complex,simple,complex
vFG153.png,4,3,4,complex,simple,complex
52011b5f5ee50f1c33a61e51e3db889a.png,5,4,6,complex,complex,complex
vHX102.png,3,5,2,simple,complex,simple
vHX23.png,3,3,3,simple,simple,simple
XYH-055.png,3,2,4,simple,simple,complex
vRX407.png,5,4,3,complex,complex,simple
vRX586.png,5,3,2,complex,simple,simple
vFG486.png,4,2,4,complex,simple,complex
vHX34.png,3,3,2,simple,simple,simple
XYH-074.png,4,3,4,complex,simple,complex
vFG127.png,5,3,2,complex,simple,simple
5ec68d240fda3551dad30edfeb339bf5.png,4,3,4,complex,simple,complex
vFG67.png,4,3,4,complex,simple,complex
vFG335.png,5,4,4,complex,complex,complex
XMY-058.png,4,3,5,complex,simple,complex
vRX584.png,2,3,4,simple,simple,complex
vRX471.png,2,3,3,simple,simple,simple
vRX178.png,5,4,3,complex,complex,simple
vHX68.png,4,3,2,complex,simple,simple
vRX769.png,4,4,3,complex,complex,simple
3a178e2dceaec352a4bda7ab686f970e.png,4,1,1,complex,simple,simple
vHX361.png,4,2,2,complex,simple,simple
vRX549.png,3,3,2,simple,simple,simple
vRX148.png,3,4,3,simple,complex,simple
vRX465.png,4,4,3,complex,complex,simple
vHX92.png,4,3,3,complex,simple,simple
vFG783.png,5,3,5,complex,simple,complex
vFG691.png,3,2,2,simple,simple,simple
vRX453.png,4,3,4,complex,simple,complex
b7fd5266d01609248414333cdf0735fae6cd34e7.png,6,4,6,complex,complex,complex
vHX116.png,4,2,2,complex,simple,simple
vHX468.png,4,3,2,complex,simple,simple
vFG640.png,6,3,4,complex,simple,complex
XYH-158.png,3,2,4,simple,simple,complex
vHX561.png,5,3,4,complex,simple,complex
vRX174.png,4,4,5,complex,complex,complex
XYH-125.png,3,2,4,simple,simple,complex
vRX682.png,4,3,4,complex,simple,complex
XMY-074.png,5,3,4,complex,simple,complex
vHX228.png,1,2,1,simple,simple,simple
vRX425.png,4,3,3,complex,simple,simple
vHX483.png,4,4,2,complex,complex,simple
vRX676.png,4,3,2,complex,simple,simple
vHX58.png,2,4,2,simple,complex,simple
XMY-449.png,4,3,4,complex,simple,complex
vRX599.png,3,3,3,simple,simple,simple
vRX462.png,3,3,4,simple,simple,complex
e0d4a18c0f97ea3d56ca8ceb5f5e2e06.png,5,4,5,complex,complex,complex
f2210cbdfb9f3ea9c1ab42dcc2e3cb97.png,3,4,4,simple,complex,complex
vFG266.png,2,4,4,simple,complex,complex
vFG413.png,4,3,5,complex,simple,complex
vFG175.png,6,2,5,complex,simple,complex
vHX315.png,3,3,4,simple,simple,complex
vHX485.png,3,3,2,simple,simple,simple
vHX274.png,4,3,2,complex,simple,simple
vFG104.png,5,3,5,complex,simple,complex
vFG394.png,2,2,4,simple,simple,complex
vFG616.png,7,5,5,complex,complex,complex
vFG764.png,5,3,4,complex,simple,complex
vRX687.png,3,3,4,simple,simple,complex
vFG320.png,5,3,3,complex,simple,simple
vFG35.png,5,3,3,complex,simple,simple
vFG340.png,5,3,3,complex,simple,simple
vRX365.png,2,4,3,simple,complex,simple
vFG184.png,5,3,2,complex,simple,simple
vFG310.png,4,3,2,complex,simple,simple
vHX142.png,4,3,4,complex,simple,complex
bbcd4963891c283c2f7cfd2f85d90f41.png,7,3,5,complex,simple,complex
5cac63f186553ff9e64f38a615f6a045.png,4,2,2,complex,simple,simple
vHX656.png,3,3,2,simple,simple,simple
vRX388.png,3,4,3,simple,complex,simple
vFG723.png,4,2,3,complex,simple,simple
vRX128.png,4,2,2,complex,simple,simple
XYH-117.png,6,3,3,complex,simple,simple
vRX270.png,5,2,2,complex,simple,simple
vRX511.png,5,2,1,complex,simple,simple
vFG464.png,3,4,3,simple,complex,simple
vRX618.png,5,3,3,complex,simple,simple
YUEHUI-114.png,5,3,3,complex,simple,simple
vHX731.png,3,3,2,simple,simple,simple
vFG239.png,3,2,4,simple,simple,complex
vFG360.png,4,3,3,complex,simple,simple
vRX183.png,6,4,5,complex,complex,complex
vHX215.png,3,3,3,simple,simple,simple
XYH-163.png,4,3,4,complex,simple,complex
vFG607.png,3,3,4,simple,simple,complex
vRX443.png,4,2,3,complex,simple,simple
vRX610.png,3,3,2,simple,simple,simple
vRX116.png,4,4,3,complex,complex,simple
vHX100.png,2,2,1,simple,simple,simple
vHX232.png,2,1,4,simple,simple,complex
vFG342.png,5,3,3,complex,simple,simple
vHX753.png,4,2,1,complex,simple,simple
vHX403.png,4,3,2,complex,simple,simple
XMY-235.png,4,2,4,complex,simple,complex
vHX384.png,1,4,4,simple,complex,complex
vFG534.png,2,2,3,simple,simple,simple
vRX831.png,4,4,3,complex,complex,simple
XYUH-039.png,6,3,4,complex,simple,complex
vRX530.png,3,3,3,simple,simple,simple
vRX595.png,3,3,2,simple,simple,simple
vHX624.png,3,4,4,simple,complex,complex
vRX262.png,4,3,3,complex,simple,simple
vHX478.png,2,3,3,simple,simple,simple
vRX708.png,3,3,4,simple,simple,complex
vHX312.png,4,3,1,complex,simple,simple
vHX456.png,4,2,4,complex,simple,complex
vRX509.png,2,1,2,simple,simple,simple
vFG264.png,4,3,2,complex,simple,simple
XYUH-062.png,2,3,4,simple,simple,complex
vHX250.png,3,4,2,simple,complex,simple
vFG608.png,2,2,3,simple,simple,simple
vHX632.png,6,3,5,complex,simple,complex
vRX910.png,4,4,5,complex,complex,complex
vFG426.png,4,3,4,complex,simple,complex
vFG593.png,5,2,4,complex,simple,complex
vRX560.png,4,2,1,complex,simple,simple
vRX519.png,3,4,2,simple,complex,simple
vRX577.png,4,4,4,complex,complex,complex
XYH-130.png,4,3,5,complex,simple,complex
vHX212.png,2,3,3,simple,simple,simple
vFG214.png,5,4,4,complex,complex,complex
vRX82.png,3,2,1,simple,simple,simple
vRX364.png,3,2,3,simple,simple,simple
vFG654.png,4,3,4,complex,simple,complex
vFG191.png,6,3,4,complex,simple,complex
vFG39.png,5,2,3,complex,simple,simple
XMY-044.png,4,3,3,complex,simple,simple
vFG368.png,4,4,2,complex,complex,simple
vFG407.png,5,3,5,complex,simple,complex
XYH-139.png,4,2,4,complex,simple,complex
vRX16.png,4,3,1,complex,simple,simple
vRX576.png,3,3,3,simple,simple,simple
vFG678.png,4,4,2,complex,complex,simple
vRX557.png,5,4,4,complex,complex,complex
vHX158.png,5,3,4,complex,simple,complex
XMY-121.png,5,4,4,complex,complex,complex
XYUH-208.png,4,3,4,complex,simple,complex
vRX478.png,4,4,2,complex,complex,simple
vFG476.png,1,1,2,simple,simple,simple
vRX562.png,3,4,5,simple,complex,complex
vHX465.png,5,3,4,complex,simple,complex
vHX669.png,2,3,2,simple,simple,simple
6rtyryr.png,3,3,3,simple,simple,simple
vHX591.png,4,3,3,complex,simple,simple
vRX214.png,4,3,5,complex,simple,complex
vHX536.png,3,4,2,simple,complex,simple
XMY-451.png,5,3,5,complex,simple,complex
vRX420.png,4,4,3,complex,complex,simple
vRX114.png,5,4,4,complex,complex,complex
vRX808.png,4,4,5,complex,complex,complex
vRX638.png,4,3,3,complex,simple,simple
vRX121.png,4,5,4,complex,complex,complex
XMY-185.png,5,4,5,complex,complex,complex
vRX548.png,2,4,4,simple,complex,complex
vHX156.png,3,3,2,simple,simple,simple
c848f905077d16f15ddac5208498e1c0.png,5,2,5,complex,simple,complex
vRX703.png,3,3,2,simple,simple,simple
vFG566.png,4,4,4,complex,complex,complex
vHX459.png,4,3,3,complex,simple,simple
vRX56.png,5,3,4,complex,simple,complex
vRX340.png,4,3,4,complex,simple,complex
vRX447.png,1,3,1,simple,simple,simple
XMY-338.png,4,2,5,complex,simple,complex
vRX246.png,5,3,4,complex,simple,complex
vRX346.png,4,3,2,complex,simple,simple
vRX245.png,2,3,2,simple,simple,simple
vHX289.png,5,3,2,complex,simple,simple
XMY-043.png,5,4,5,complex,complex,complex
696e3e2972a1c721ebacffea9aa2ccf3.png,5,3,4,complex,simple,complex
vHX484.png,5,3,5,complex,simple,complex
vHX754.png,5,4,3,complex,complex,simple
0f86560090f166c56a61f57e39322f35.png,5,3,5,complex,simple,complex
vHX457.png,2,3,2,simple,simple,simple
vHX573.png,4,3,2,complex,simple,simple
vFG256.png,4,3,3,complex,simple,simple
vFG698.png,4,4,4,complex,complex,complex
vHX442.png,4,4,3,complex,complex,simple
vFG297.png,5,3,4,complex,simple,complex
XMY-071.png,4,3,3,complex,simple,simple
vRX58.png,3,3,3,simple,simple,simple
vFG88.png,4,4,3,complex,complex,simple
vHX508.png,4,3,3,complex,simple,simple
vFG236.png,4,2,4,complex,simple,complex
vRX101.png,2,3,2,simple,simple,simple
vFG594.png,4,2,4,complex,simple,complex
7c32a5b7f820823e0c71fa3233beb6f3.png,3,2,4,simple,simple,complex
vFG294.png,5,3,3,complex,simple,simple
vFG714.png,5,3,5,complex,simple,complex
vFG355.png,4,3,4,complex,simple,complex
vFG109.png,4,3,4,complex,simple,complex
vRX706.png,5,4,4,complex,complex,complex
vHX482.png,3,4,4,simple,complex,complex
vRX265.png,4,2,4,complex,simple,complex
vRX133.png,4,3,3,complex,simple,simple
vHX186.png,2,3,4,simple,simple,complex
vRX377.png,5,3,2,complex,simple,simple
vRX309.png,3,3,2,simple,simple,simple
vRX486.png,5,3,4,complex,simple,complex
vFG454.png,4,3,3,complex,simple,simple
vHX377.png,4,3,4,complex,simple,complex
vHX110.png,3,4,2,simple,complex,simple
vFG724.png,3,2,4,simple,simple,complex
vHX679.png,4,3,3,complex,simple,simple
vFG322.png,4,2,3,complex,simple,simple
vRX764.png,4,4,3,complex,complex,simple
vRX438.png,4,3,2,complex,simple,simple
vFG202.png,3,3,4,simple,simple,complex
vRX545.png,4,3,4,complex,simple,complex
vHX213.png,2,4,5,simple,complex,complex
vFG59.png,3,3,4,simple,simple,complex
vFG111.png,6,3,4,complex,simple,complex
vHX365.png,2,1,1,simple,simple,simple
vHX531.png,3,3,3,simple,simple,simple
vHX12.png,5,3,3,complex,simple,simple
vHX47.png,4,3,1,complex,simple,simple
XMY-258.png,5,4,5,complex,complex,complex
vHX247.png,2,2,1,simple,simple,simple
vRX782.png,3,3,3,simple,simple,simple
vRX527.png,4,4,5,complex,complex,complex
vRX598.png,2,3,1,simple,simple,simple
YH-53.png,4,4,1,complex,complex,simple
vFG374.png,5,4,5,complex,complex,complex
vRX696.png,2,3,4,simple,simple,complex
vFG492.png,5,3,5,complex,simple,complex
vHX440.png,4,2,4,complex,simple,complex
vRX315.png,4,3,3,complex,simple,simple
vRX619.png,4,3,2,complex,simple,simple
vHX706.png,5,3,1,complex,simple,simple
vRX607.png,2,3,2,simple,simple,simple
vFG697.png,3,2,3,simple,simple,simple
vHX287.png,3,3,5,simple,simple,complex
vRX139.png,3,5,5,simple,complex,complex
vFG540.png,5,3,4,complex,simple,complex
vRX165.png,4,4,2,complex,complex,simple
XMY-172.png,4,4,6,complex,complex,complex
vFG18.png,5,3,4,complex,simple,complex
vHX90.png,3,3,2,simple,simple,simple
XMY-266.png,4,3,4,complex,simple,complex
vFG401.png,4,3,2,complex,simple,simple
vRX757.png,4,3,3,complex,simple,simple
vFG685.png,4,3,4,complex,simple,complex
vFG229.png,3,2,4,simple,simple,complex
vFG731.png,2,3,3,simple,simple,simple
vFG357.png,5,3,4,complex,simple,complex
vRX842.png,3,4,3,simple,complex,simple
vRX709.png,2,2,1,simple,simple,simple
vFG708.png,3,3,4,simple,simple,complex
XYUH-005.png,5,3,2,complex,simple,simple
1ca3a0a3de6bc50f6af176e4c02e8c38.png,5,3,4,complex,simple,complex
vHX460.png,5,3,2,complex,simple,simple
aa9c685f0bea2c653f31cc07512e9414.png,4,3,2,complex,simple,simple
YUEHUI-492.png,4,4,2,complex,complex,simple
vFG269.png,7,3,3,complex,simple,simple
vFG341.png,5,2,5,complex,simple,complex
vFG364.png,4,3,4,complex,simple,complex
vHX728.png,3,3,1,simple,simple,simple
XMY-036.png,5,3,4,complex,simple,complex
vHX180.png,2,2,2,simple,simple,simple
vFG431.png,3,3,3,simple,simple,simple
vHX676.png,2,2,3,simple,simple,simple
vFG145.png,4,3,3,complex,simple,simple
vHX101.png,3,3,2,simple,simple,simple
vHX200.png,4,3,2,complex,simple,simple
vRX13.png,2,3,1,simple,simple,simple
XMY-223.png,3,4,4,simple,complex,complex
vRX520.png,3,3,3,simple,simple,simple
vFG305.png,5,3,5,complex,simple,complex
vHX248.png,5,4,2,complex,complex,simple
XMY-345.png,5,2,4,complex,simple,complex
vFG766.png,5,3,6,complex,simple,complex
vFG152.png,2,3,3,simple,simple,simple
vHX396.png,3,3,2,simple,simple,simple
vFG211.png,4,3,5,complex,simple,complex
vRX594.png,6,4,3,complex,complex,simple
vRX644.png,4,3,3,complex,simple,simple
XMY-305.png,4,3,4,complex,simple,complex
vHX328.png,3,2,1,simple,simple,simple
vFG361.png,4,3,4,complex,simple,complex
vFG317.png,4,3,4,complex,simple,complex
vRX843.png,3,3,3,simple,simple,simple
vFG83.png,5,2,4,complex,simple,complex
vRX750.png,7,4,4,complex,complex,complex
vRX366.png,4,3,3,complex,simple,simple
vHX225.png,3,2,3,simple,simple,simple
vFG774.png,4,3,3,complex,simple,simple
vHX245.png,4,3,4,complex,simple,complex
vFG23.png,5,2,5,complex,simple,complex
vRX841.png,3,3,2,simple,simple,simple
XYUH-070.png,3,4,4,simple,complex,complex
vHX290.png,5,3,1,complex,simple,simple
vHX683.png,5,3,3,complex,simple,simple
vFG459.png,5,4,4,complex,complex,complex
vHX472.png,4,3,3,complex,simple,simple
vHX590.png,4,2,4,complex,simple,complex
vHX57.png,4,3,2,complex,simple,simple
vFG228.png,4,4,5,complex,complex,complex
vRX134.png,2,3,3,simple,simple,simple
vHX546.png,3,3,2,simple,simple,simple
vFG629.png,5,3,3,complex,simple,simple
vHX85.png,5,3,3,complex,simple,simple
vHX538.png,3,2,3,simple,simple,simple
vHX109.png,2,3,4,simple,simple,complex
vRX360.png,4,4,1,complex,complex,simple
vFG703.png,5,3,5,complex,simple,complex
ac75323d6b6de243-cac4955356021c85-076d6c13b9220f9f5e690df7733d52da.png,4,3,3,complex,simple,simple
vFG5.png,4,3,3,complex,simple,simple
vRX400.png,3,4,4,simple,complex,complex
vHX719.png,5,2,4,complex,simple,complex
vRX45.png,4,3,4,complex,simple,complex
XMY-283.png,4,2,4,complex,simple,complex
YH-75.png,3,4,4,simple,complex,complex
vHX364.png,3,3,2,simple,simple,simple
vHX674.png,4,3,4,complex,simple,complex
XMY-138.png,5,4,5,complex,complex,complex
vRX596.png,2,3,2,simple,simple,simple
vFG800.png,4,3,3,complex,simple,simple
vFG241.png,2,3,5,simple,simple,complex
vRX690.png,4,4,2,complex,complex,simple
vHX718.png,3,3,2,simple,simple,simple
vHX566.png,2,3,2,simple,simple,simple
vHX567.png,2,2,1,simple,simple,simple
vHX578.png,4,4,2,complex,complex,simple
vHX139.png,3,2,3,simple,simple,simple
vHX570.png,6,5,4,complex,complex,complex
XMY-364.png,3,3,3,simple,simple,simple
vHX130.png,2,3,1,simple,simple,simple
vHX720.png,5,3,4,complex,simple,complex
vRX466.png,2,3,2,simple,simple,simple
vFG178.png,3,3,6,simple,simple,complex
vRX510.png,3,3,2,simple,simple,simple
vFG204.png,3,1,5,simple,simple,complex
vRX141.png,3,4,4,simple,complex,complex
vHX15.png,2,3,2,simple,simple,simple
vRX234.png,3,3,3,simple,simple,simple
vRX779.png,3,4,4,simple,complex,complex
vRX83.png,3,3,1,simple,simple,simple
vRX195.png,3,4,3,simple,complex,simple
vFG583.png,4,4,4,complex,complex,complex
vHX700.png,2,4,5,simple,complex,complex
vRX870.png,3,4,2,simple,complex,simple
vRX160.png,5,3,3,complex,simple,simple
vFG339.png,2,2,3,simple,simple,simple
vRX653.png,4,3,3,complex,simple,simple
XMY-464.png,3,3,5,simple,simple,complex
vHX80.png,1,3,1,simple,simple,simple
vHX441.png,3,3,1,simple,simple,simple
vHX519.png,2,2,2,simple,simple,simple
XMY-230.png,4,3,5,complex,simple,complex
vHX615.png,3,2,3,simple,simple,simple
vFG381.png,3,3,3,simple,simple,simple
vRX474.png,3,4,4,simple,complex,complex
vHX261.png,3,3,3,simple,simple,simple
vHX244.png,3,3,2,simple,simple,simple
vHX522.png,4,3,2,complex,simple,simple
67f090408ffbc63bae5af35d9df1d1e0.png,3,3,4,simple,simple,complex
vFG816.png,4,2,3,complex,simple,simple
vFG808.png,6,4,3,complex,complex,simple
vFG788.png,5,4,5,complex,complex,complex
vRX646.png,3,3,2,simple,simple,simple
vRX163.png,3,3,3,simple,simple,simple
vHX660.png,4,4,3,complex,complex,simple
vHX642.png,5,2,1,complex,simple,simple
vRX525.png,6,4,4,complex,complex,complex
vFG522.png,4,4,4,complex,complex,complex
vFG675.png,4,4,4,complex,complex,complex
vHX438.png,2,3,2,simple,simple,simple
XMY-373.png,2,2,1,simple,simple,simple
vFG725.png,4,3,4,complex,simple,complex
vHX36.png,4,2,2,complex,simple,simple
XMY-199.png,3,3,5,simple,simple,complex
vFG196.png,5,5,5,complex,complex,complex
vRX120.png,2,3,1,simple,simple,simple
vHX430.png,3,3,3,simple,simple,simple
XYH-153.png,4,4,5,complex,complex,complex
vRX811.png,3,4,3,simple,complex,simple
vFG292.png,3,3,2,simple,simple,simple
vRX470.png,4,3,4,complex,simple,complex
vFG536.png,5,3,4,complex,simple,complex
vHX637.png,4,4,2,complex,complex,simple
0efbf1559e3deb7ee5f9003ea14b8425.png,4,3,5,complex,simple,complex
vFG417.png,3,2,1,simple,simple,simple
vFG458.png,2,2,1,simple,simple,simple
vRX482.png,2,2,3,simple,simple,simple
cb0914269919bdc6-edb528135cbbf5d5-26a4586f7b9640a47fa08e1b7b8c08fa.png,3,1,4,simple,simple,complex
vHX587.png,3,4,4,simple,complex,complex
vRX87.png,3,3,3,simple,simple,simple
vFG790.png,4,3,3,complex,simple,simple
vRX418.png,4,3,3,complex,simple,simple
vHX175.png,2,2,2,simple,simple,simple
vFG741.png,5,4,5,complex,complex,complex
vHX105.png,4,4,3,complex,complex,simple
XMY-434.png,4,2,4,complex,simple,complex
vFG2.png,4,2,4,complex,simple,complex
vHX75.png,3,4,2,simple,complex,simple
vHX26.png,5,4,5,complex,complex,complex
vHX327.png,4,3,2,complex,simple,simple
vRX818.png,5,4,6,complex,complex,complex
vHX28.png,2,3,3,simple,simple,simple
vRX836.png,4,3,2,complex,simple,simple
vHX155.png,3,2,2,simple,simple,simple
XMY-061.png,3,2,3,simple,simple,simple
vFG220.png,3,3,4,simple,simple,complex
94c7a85358f3796394ce8e3edfd9b04e.png,6,3,5,complex,simple,complex
vRX287.png,4,3,2,complex,simple,simple
vHX383.png,3,3,4,simple,simple,complex
vFG343.png,4,4,6,complex,complex,complex
vFG745.png,5,2,5,complex,simple,complex
vRX600.png,4,5,6,complex,complex,complex
vFG795.png,5,3,5,complex,simple,complex
vHX202.png,5,4,3,complex,complex,simple
vHX515.png,3,3,1,simple,simple,simple
vFG286.png,5,4,4,complex,complex,complex
rtrtetetrtet.png,4,3,5,complex,simple,complex
vFG116.png,4,2,4,complex,simple,complex
vHX233.png,4,3,3,complex,simple,simple
vHX434.png,4,1,1,complex,simple,simple
vRX627.png,6,4,2,complex,complex,simple
vHX649.png,3,4,2,simple,complex,simple
vRX207.png,5,3,4,complex,simple,complex
vRX2.png,4,3,1,complex,simple,simple
vHX711.png,3,5,2,simple,complex,simple
XMY-127.png,3,2,4,simple,simple,complex
vFG20.png,6,4,5,complex,complex,complex
vHX214.png,5,2,2,complex,simple,simple
vHX348.png,3,3,2,simple,simple,simple
vRX591.png,3,3,5,simple,simple,complex
vHX66.png,2,2,1,simple,simple,simple
vFG319.png,5,3,4,complex,simple,complex
0edb4c3c0ad23949c47f314dafe302d2.png,4,2,4,complex,simple,complex
vHX386.png,4,3,1,complex,simple,simple
vFG222.png,4,3,3,complex,simple,simple
vFG699.png,3,2,2,simple,simple,simple
vHX223.png,2,3,3,simple,simple,simple
vRX291.png,4,3,2,complex,simple,simple
vHX424.png,4,4,2,complex,complex,simple
012ce0437aec38b7b42918f3e4971c13.png,4,3,5,complex,simple,complex
vRX33.png,4,4,2,complex,complex,simple
vFG778.png,4,2,4,complex,simple,complex
vRX135.png,5,3,5,complex,simple,complex
XMY-252.png,3,3,2,simple,simple,simple
vRX254.png,3,4,4,simple,complex,complex
vRX788.png,3,2,3,simple,simple,simple
vFG177.png,5,2,3,complex,simple,simple
vFG176.png,5,4,4,complex,complex,complex
vHX150.png,2,3,4,simple,simple,complex
vRX441.png,4,4,2,complex,complex,simple
vHX503.png,3,1,1,simple,simple,simple
vFG140.png,5,2,5,complex,simple,complex
vFG349.png,5,3,3,complex,simple,simple
vHX568.png,4,3,3,complex,simple,simple
vRX219.png,4,3,2,complex,simple,simple
vFG332.png,4,4,4,complex,complex,complex
vHX410.png,4,2,2,complex,simple,simple
vFG86.png,5,3,2,complex,simple,simple
b17c8f01e57d5969-fe8eef509179466b-d60f31b11089c6c605666d9796537333.png,5,4,4,complex,complex,complex
vFG676.png,5,3,3,complex,simple,simple
XMY-372.png,4,3,4,complex,simple,complex
vFG477.png,4,3,3,complex,simple,simple
vFG105.png,5,4,4,complex,complex,complex
vFG693.png,5,4,3,complex,complex,simple
vFG233.png,5,4,3,complex,complex,simple
vFG484.png,4,3,4,complex,simple,complex
vHX648.png,4,4,4,complex,complex,complex
vRX587.png,3,2,1,simple,simple,simple
vFG702.png,5,4,5,complex,complex,complex
vRX629.png,4,4,4,complex,complex,complex
ab3590980d650e9e5a38c9db23fbe66c.png,2,3,3,simple,simple,simple
vHX124.png,4,3,4,complex,simple,complex
vRX772.png,3,2,4,simple,simple,complex
vFG403.png,4,3,3,complex,simple,simple
XMY-030.png,4,3,4,complex,simple,complex
vHX242.png,2,3,1,simple,simple,simple
vFG508.png,3,3,2,simple,simple,simple
XMY-049.png,5,3,5,complex,simple,complex
vFG131.png,4,3,3,complex,simple,simple
vFG377.png,3,3,2,simple,simple,simple
vRX149.png,1,3,1,simple,simple,simple
0d384dbbcc121ca5049c423f81c26e6a.png,3,3,2,simple,simple,simple
vHX643.png,5,3,1,complex,simple,simple
XMY-182.png,4,3,4,complex,simple,complex
vRX7.png,3,3,2,simple,simple,simple
vFG325.png,5,3,4,complex,simple,complex
XMY-073.png,5,3,5,complex,simple,complex
vRX414.png,4,3,3,complex,simple,simple
vHX385.png,4,3,2,complex,simple,simple
vFG581.png,5,3,3,complex,simple,simple
vFG213.png,4,3,3,complex,simple,simple
vFG189.png,5,4,3,complex,complex,simple
vRX431.png,5,2,3,complex,simple,simple
vHX713.png,3,2,1,simple,simple,simple
vHX240.png,3,4,4,simple,complex,complex
vFG395.png,4,3,4,complex,simple,complex
vRX264.png,4,3,2,complex,simple,simple
ba5a880485d71a9d8c9af84bb71f7728.png,3,3,3,simple,simple,simple
XYH-107.png,2,2,3,simple,simple,simple
uyi.png,6,4,6,complex,complex,complex
vHX211.png,3,3,5,simple,simple,complex
vRX379.png,3,3,2,simple,simple,simple
vFG165.png,4,3,4,complex,simple,complex
vRX692.png,3,3,3,simple,simple,simple
vRX564.png,2,3,2,simple,simple,simple
vFG494.png,6,2,2,complex,simple,simple
vHX218.png,4,3,5,complex,simple,complex
60f966d398b8ef8527c60677ba20e0ee.png,4,3,3,complex,simple,simple
vHX473.png,2,3,3,simple,simple,simple
vFG25.png,4,3,4,complex,simple,complex
vFG737.png,4,3,2,complex,simple,simple
vRX489.png,2,3,2,simple,simple,simple
vHX291.png,2,2,1,simple,simple,simple
XYH-167.png,5,2,3,complex,simple,simple
vFG312.png,6,2,5,complex,simple,complex
vHX126.png,4,3,3,complex,simple,simple
vHX732.png,4,2,3,complex,simple,simple
XYH-175.png,4,3,4,complex,simple,complex
XMY-280.png,5,3,4,complex,simple,complex
3-150130155256.png,5,3,5,complex,simple,complex
vFG467.png,5,3,3,complex,simple,simple
vHX164.png,3,3,4,simple,simple,complex
XYH-030.png,3,2,3,simple,simple,simple
08d07734712422248a6af552f03453ea.png,3,3,4,simple,simple,complex
vHX547.png,4,3,4,complex,simple,complex
vHX433.png,4,3,2,complex,simple,simple
vFG771.png,5,2,5,complex,simple,complex
vRX601.png,3,3,2,simple,simple,simple
vHX170.png,4,3,4,complex,simple,complex
4131180f8bd977424bee61c6db075f6e.png,6,3,4,complex,simple,complex
XYUH-025.png,3,2,3,simple,simple,simple
vRX52.png,2,3,2,simple,simple,simple
vRX773.png,5,3,1,complex,simple,simple
vHX467.png,2,2,1,simple,simple,simple
XMY-015.png,5,5,3,complex,complex,simple
vHX51.png,5,3,3,complex,simple,simple
vRX312.png,1,1,4,simple,simple,complex
vHX157.png,3,2,1,simple,simple,simple
vHX382.png,5,2,3,complex,simple,simple
vFG781.png,4,2,1,complex,simple,simple
vFG513.png,4,2,4,complex,simple,complex
vFG47.png,5,3,4,complex,simple,complex
vRX658.png,3,3,4,simple,simple,complex
vHX611.png,3,3,2,simple,simple,simple
vRX112.png,2,3,2,simple,simple,simple
vFG263.png,6,2,3,complex,simple,simple
vFG482.png,4,4,3,complex,complex,simple
vRX753.png,3,3,4,simple,simple,complex
vRX367.png,2,3,2,simple,simple,simple
vFG227.png,4,3,3,complex,simple,simple
vRX671.png,4,4,4,complex,complex,complex
vRX314.png,2,2,2,simple,simple,simple
vRX59.png,4,3,3,complex,simple,simple
XMY-083.png,6,4,5,complex,complex,complex
vFG397.png,5,2,5,complex,simple,complex
vHX188.png,2,4,5,simple,complex,complex
vHX504.png,3,1,1,simple,simple,simple
vHX322.png,3,3,3,simple,simple,simple
vRX680.png,2,4,4,simple,complex,complex
vFG717.png,4,3,3,complex,simple,simple
vRX700.png,4,3,2,complex,simple,simple
vHX650.png,2,3,1,simple,simple,simple
vFG658.png,5,3,1,complex,simple,simple
vHX626.png,5,4,3,complex,complex,simple
vRX552.png,5,4,1,complex,complex,simple
XMY-463.png,4,3,5,complex,simple,complex
vHX575.png,4,3,3,complex,simple,simple
khkukyuky.png,3,3,3,simple,simple,simple
vFG304.png,3,4,4,simple,complex,complex
vHX265.png,2,2,3,simple,simple,simple
vHX95.png,5,3,1,complex,simple,simple
vFG46.png,4,3,4,complex,simple,complex
vFG388.png,4,3,4,complex,simple,complex
vHX226.png,3,4,4,simple,complex,complex
vRX851.png,4,3,2,complex,simple,simple
vHX121.png,5,3,3,complex,simple,simple
vHX18.png,3,3,5,simple,simple,complex
vFG182.png,4,4,4,complex,complex,complex
vHX294.png,2,2,2,simple,simple,simple
XMY-104.png,3,3,4,simple,simple,complex
vRX780.png,3,3,1,simple,simple,simple
vFG645.png,6,3,2,complex,simple,simple
vRX597.png,4,3,3,complex,simple,simple
vFG710.png,3,2,1,simple,simple,simple
XMY-239.png,4,3,4,complex,simple,complex
vHX31.png,4,4,2,complex,complex,simple
vHX292.png,2,3,2,simple,simple,simple
vFG798.png,6,2,3,complex,simple,simple
vHX622.png,4,3,3,complex,simple,simple
vFG599.png,4,4,5,complex,complex,complex
vFG713.png,3,3,3,simple,simple,simple
vRX146.png,5,3,2,complex,simple,simple
QQ20171214193102.png,4,2,4,complex,simple,complex
vRX448.png,3,3,3,simple,simple,simple
vFG186.png,5,4,3,complex,complex,simple
vFG288.png,4,4,4,complex,complex,complex
vFG497.png,6,3,3,complex,simple,simple
432eaf5486c1ed51fe5a7396b47dd7d6.png,3,3,3,simple,simple,simple
d1850180018518bc99965a019a99c305.png,3,2,3,simple,simple,simple
vFG733.png,3,3,4,simple,simple,complex
2a6ff11f093dfa0081580c1b5b8c864b.png,4,3,4,complex,simple,complex
vHX98.png,2,3,1,simple,simple,simple
vFG134.png,4,3,5,complex,simple,complex
vHX304.png,3,3,2,simple,simple,simple
vRX363.png,2,2,2,simple,simple,simple
vRX469.png,4,3,2,complex,simple,simple
vHX324.png,3,2,2,simple,simple,simple
vRX266.png,3,4,3,simple,complex,simple
vFG253.png,6,2,2,complex,simple,simple
XYUH-152.png,5,4,5,complex,complex,complex
vRX481.png,5,4,4,complex,complex,complex
vRX464.png,4,4,5,complex,complex,complex
vRX188.png,4,2,3,complex,simple,simple
vFG757.png,5,4,4,complex,complex,complex
vFG842.png,4,3,4,complex,simple,complex
73f84e0462a6d0331f31f545cf87dae5.png,4,3,2,complex,simple,simple
vFG372.png,4,3,1,complex,simple,simple
vRX281.png,4,4,5,complex,complex,complex
vRX763.png,4,3,3,complex,simple,simple
vFG617.png,5,3,3,complex,simple,simple
vFG318.png,5,3,3,complex,simple,simple
vRX678.png,2,3,3,simple,simple,simple
vRX869.png,4,4,3,complex,complex,simple
vHX402.png,3,3,3,simple,simple,simple
vRX204.png,7,3,2,complex,simple,simple
vHX108.png,2,1,2,simple,simple,simple
XYUH-071.png,3,3,4,simple,simple,complex
vFG307.png,4,4,3,complex,complex,simple
vFG598.png,6,3,5,complex,simple,complex
vFG571.png,5,4,6,complex,complex,complex
vHX368.png,2,2,2,simple,simple,simple
vRX467.png,3,4,4,simple,complex,complex
vHX517.png,4,3,2,complex,simple,simple
vHX56.png,4,4,2,complex,complex,simple
vHX319.png,4,3,2,complex,simple,simple
vHX681.png,3,2,1,simple,simple,simple
8ed6feb8f72b89632d02fbafcc2511a9.png,5,3,3,complex,simple,simple
vHX33.png,2,2,2,simple,simple,simple
vRX784.png,5,4,3,complex,complex,simple
vRX244.png,4,4,4,complex,complex,complex
vHX600.png,3,2,2,simple,simple,simple
vRX866.png,5,3,3,complex,simple,simple
vFG148.png,3,3,3,simple,simple,simple
vHX46.png,4,1,4,complex,simple,complex
vRX124.png,4,4,2,complex,complex,simple
vRX259.png,4,4,5,complex,complex,complex
e59ea272f514e9e8313a3d5eb6056ccf.png,3,3,3,simple,simple,simple
vFG669.png,3,3,4,simple,simple,complex
vFG463.png,4,3,4,complex,simple,complex
vHX449.png,6,3,3,complex,simple,simple
vRX616.png,3,3,2,simple,simple,simple
vHX161.png,4,3,1,complex,simple,simple
vFG155.png,3,3,3,simple,simple,simple
vFG810.png,6,2,5,complex,simple,complex
vRX434.png,5,2,2,complex,simple,simple
vHX253.png,3,2,4,simple,simple,complex
vRX620.png,3,2,4,simple,simple,complex
vHX639.png,2,4,3,simple,complex,simple
f30487978c587a5f18dfa4d42fc6ccc0.png,2,3,4,simple,simple,complex
vFG38.png,5,4,1,complex,complex,simple
XMY-285.png,5,3,3,complex,simple,simple
vRX677.png,5,4,2,complex,complex,simple
vRX663.png,5,3,4,complex,simple,complex
XMY-145.png,4,3,4,complex,simple,complex
vFG434.png,3,4,3,simple,complex,simple
vFG767.png,3,3,1,simple,simple,simple
vRX14.png,4,3,4,complex,simple,complex
vFG93.png,3,4,3,simple,complex,simple
vFG769.png,4,2,4,complex,simple,complex
vRX777.png,4,4,3,complex,complex,simple
vFG419.png,4,2,3,complex,simple,simple
vRX710.png,5,3,4,complex,simple,complex
vRX111.png,5,4,2,complex,complex,simple
vRX727.png,5,4,2,complex,complex,simple
vRX679.png,4,4,1,complex,complex,simple
vFG291.png,4,3,4,complex,simple,complex
vFG796.png,4,1,4,complex,simple,complex
XYH-178.png,4,3,5,complex,simple,complex
vFG238.png,5,3,4,complex,simple,complex
vRX138.png,3,2,1,simple,simple,simple
vRX583.png,3,2,2,simple,simple,simple
vHX710.png,2,3,4,simple,simple,complex
vHX463.png,3,4,2,simple,complex,simple
vFG711.png,3,2,4,simple,simple,complex
vFG26.png,4,4,4,complex,complex,complex
XMY-312.png,5,3,3,complex,simple,simple
vRX533.png,5,3,5,complex,simple,complex
vFG677.png,5,4,5,complex,complex,complex
apic15361.png,4,3,4,complex,simple,complex
vFG531.png,2,1,3,simple,simple,simple
vFG110.png,6,3,5,complex,simple,complex
vRX421.png,4,3,2,complex,simple,simple
vRX248.png,4,3,4,complex,simple,complex
vHX132.png,4,2,4,complex,simple,complex
vRX125.png,4,3,3,complex,simple,simple
vRX721.png,5,3,2,complex,simple,simple
vFG441.png,4,3,3,complex,simple,simple
vHX663.png,4,3,4,complex,simple,complex
vHX143.png,3,3,3,simple,simple,simple
vRX614.png,2,3,2,simple,simple,simple
XMY-229.png,4,4,4,complex,complex,complex
vRX189.png,4,4,4,complex,complex,complex
vRX12.png,4,3,3,complex,simple,simple
vRX180.png,4,2,1,complex,simple,simple
vFG133.png,4,3,3,complex,simple,simple
vFG611.png,5,4,4,complex,complex,complex
vRX524.png,4,2,3,complex,simple,simple
vFG523.png,5,4,2,complex,complex,simple
vFG656.png,5,4,3,complex,complex,simple
vFG619.png,3,3,2,simple,simple,simple
vFG636.png,3,4,4,simple,complex,complex
vHX88.png,3,3,3,simple,simple,simple
vFG491.png,4,4,5,complex,complex,complex
vRX795.png,5,3,3,complex,simple,simple
vFG516.png,5,3,5,complex,simple,complex
vRX107.png,4,3,1,complex,simple,simple
vHX35.png,3,4,3,simple,complex,simple
vFG279.png,4,2,4,complex,simple,complex
vFG576.png,8,5,4,complex,complex,complex
vFG719.png,2,4,5,simple,complex,complex
vHX352.png,4,2,2,complex,simple,simple
vHX595.png,2,1,2,simple,simple,simple
vRX643.png,2,3,4,simple,simple,complex
vFG542.png,4,4,4,complex,complex,complex
YH-08.png,3,2,3,simple,simple,simple
vRX64.png,4,3,2,complex,simple,simple
vFG412.png,6,4,2,complex,complex,simple
vHX362.png,5,4,4,complex,complex,complex
21bf8e39948ca851f2a2d8368f9b8c99.png,5,3,4,complex,simple,complex
vRX716.png,4,3,2,complex,simple,simple
XYH-092.png,5,4,5,complex,complex,complex
vHX271.png,4,2,2,complex,simple,simple
vFG648.png,4,2,3,complex,simple,simple
XMY-179.png,5,4,5,complex,complex,complex
vHX122.png,2,2,2,simple,simple,simple
vHX726.png,6,3,3,complex,simple,simple
vHX30.png,3,2,4,simple,simple,complex
vFG124.png,6,3,3,complex,simple,simple
vRX640.png,5,4,1,complex,complex,simple
XMY-089.png,4,4,3,complex,complex,simple
vHX112.png,4,3,3,complex,simple,simple
XMY-368.png,2,3,4,simple,simple,complex
vFG225.png,3,4,4,simple,complex,complex
3b429c9911ab488dbd995b35051744f8.png,5,3,4,complex,simple,complex
vHX135.png,3,3,2,simple,simple,simple
vHX166.png,3,3,2,simple,simple,simple
vFG94.png,5,3,4,complex,simple,complex
vRX659.png,3,3,2,simple,simple,simple
eb1203150049.png,4,3,3,complex,simple,simple
vRX859.png,5,4,5,complex,complex,complex
vHX22.png,2,4,3,simple,complex,simple
vHX704.png,1,2,3,simple,simple,simple
f636afc379310a5581395500bd4543a982261020.png,4,4,4,complex,complex,complex
vRX621.png,4,3,3,complex,simple,simple
vRX860.png,4,3,2,complex,simple,simple
vRX153.png,3,4,3,simple,complex,simple
vRX211.png,5,4,5,complex,complex,complex
vFG530.png,5,4,3,complex,complex,simple
vHX497.png,4,3,2,complex,simple,simple
vFG58.png,5,3,4,complex,simple,complex
vRX630.png,1,3,2,simple,simple,simple
vFG794.png,2,2,4,simple,simple,complex
vFG705.png,5,2,2,complex,simple,simple
vFG546.png,5,3,6,complex,simple,complex
vRX624.png,3,4,2,simple,complex,simple
vFG54.png,7,3,6,complex,simple,complex
vRX50.png,3,3,4,simple,simple,complex
vRX321.png,3,4,2,simple,complex,simple
vHX603.png,4,3,2,complex,simple,simple
vHX127.png,3,3,3,simple,simple,simple
vRX499.png,6,5,7,complex,complex,complex
8a3787752e43c72ed288080ce0648b21.png,6,3,4,complex,simple,complex
vFG749.png,5,3,4,complex,simple,complex
XYUH-088.png,5,4,6,complex,complex,complex
vHX282.png,4,3,3,complex,simple,simple
vHX387.png,4,3,4,complex,simple,complex
vRX236.png,3,3,4,simple,simple,complex
vRX410.png,3,4,1,simple,complex,simple
vRX824.png,2,4,3,simple,complex,simple
vRX488.png,4,3,1,complex,simple,simple
vFG61.png,2,3,4,simple,simple,complex
YH-23.png,5,3,4,complex,simple,complex
vFG469.png,6,4,4,complex,complex,complex
vRX756.png,4,3,4,complex,simple,complex
XYUH-016.png,3,3,4,simple,simple,complex
XMY-109.png,4,3,4,complex,simple,complex
vRX570.png,4,3,1,complex,simple,simple
vFG625.png,3,3,1,simple,simple,simple
vRX196.png,4,4,3,complex,complex,simple
765e7fbbd580c734d4469aaab60e1c8e.png,6,3,4,complex,simple,complex
vFG797.png,5,3,4,complex,simple,complex
vRX604.png,4,3,3,complex,simple,simple
vFG613.png,6,4,4,complex,complex,complex
vRX825.png,3,3,4,simple,simple,complex
XYH-025.png,4,3,5,complex,simple,complex
vRX127.png,5,3,3,complex,simple,simple
vHX562.png,3,2,4,simple,simple,complex
vRX514.png,4,4,4,complex,complex,complex
vFG820.png,5,3,3,complex,simple,simple
vHX418.png,2,4,3,simple,complex,simple
8a1e2ce8eaff00f54391d6588cd0df46.png,3,4,4,simple,complex,complex
vRX169.png,4,3,1,complex,simple,simple
vHX444.png,5,2,3,complex,simple,simple
vRX409.png,5,3,3,complex,simple,simple
vFG445.png,5,2,3,complex,simple,simple
vHX759.png,4,3,2,complex,simple,simple
XYH-101.png,5,3,4,complex,simple,complex
vFG829.png,5,3,2,complex,simple,simple
vHX318.png,4,3,2,complex,simple,simple
vHX742.png,3,3,2,simple,simple,simple
a5bef619b76daca3bba80131bb55b2eb.png,4,3,5,complex,simple,complex
XMY-303.png,5,4,4,complex,complex,complex
vHX83.png,4,1,1,complex,simple,simple
vFG674.png,5,5,2,complex,complex,simple
vRX208.png,4,3,2,complex,simple,simple
vHX657.png,5,3,4,complex,simple,complex
vFG732.png,6,4,4,complex,complex,complex
vFG506.png,2,2,2,simple,simple,simple
vRX531.png,4,4,2,complex,complex,simple
vRX822.png,4,3,2,complex,simple,simple
vFG281.png,4,3,3,complex,simple,simple
vFG69.png,3,2,3,simple,simple,simple
vRX752.png,3,2,2,simple,simple,simple
vRX376.png,2,4,2,simple,complex,simple
XMY-003.png,4,4,5,complex,complex,complex
d01dae40fe19a053f56d40566c043b87.png,4,2,3,complex,simple,simple
vHX399.png,3,3,2,simple,simple,simple
vRX765.png,4,3,3,complex,simple,simple
vRX674.png,4,3,3,complex,simple,simple
vRX159.png,3,2,3,simple,simple,simple
a3aca3743972170b-f407d937f782b011-be1116a90744c2418c2fcf2148026964.png,4,4,4,complex,complex,complex
vFG119.png,5,3,4,complex,simple,complex
vHX678.png,2,5,3,simple,complex,simple
vRX99.png,2,3,1,simple,simple,simple
ac938d31ea79004dda1856f81b7500e3.png,4,3,4,complex,simple,complex
vRX858.png,1,3,1,simple,simple,simple
vFG101.png,6,4,5,complex,complex,complex
XYH-003.png,4,3,3,complex,simple,simple
vFG282.png,4,4,5,complex,complex,complex
vRX901.png,4,3,3,complex,simple,simple
vFG448.png,5,2,5,complex,simple,complex
11cd36947eaf3dc39ad7bb30939196af.png,5,2,6,complex,simple,complex
vHX526.png,2,4,3,simple,complex,simple
vRX718.png,3,3,3,simple,simple,simple
vRX806.png,3,3,3,simple,simple,simple
vFG720.png,4,2,1,complex,simple,simple
vRX849.png,4,5,3,complex,complex,simple
vRX415.png,6,3,2,complex,simple,simple
vHX682.png,3,2,3,simple,simple,simple
vRX665.png,2,3,3,simple,simple,simple
vHX17.png,3,3,1,simple,simple,simple
XMY-063.png,4,3,5,complex,simple,complex
vFG354.png,4,2,4,complex,simple,complex
vFG78.png,4,4,3,complex,complex,simple
vRX55.png,4,5,5,complex,complex,complex
vFG366.png,5,3,3,complex,simple,simple
vFG561.png,5,4,2,complex,complex,simple
vFG251.png,4,3,3,complex,simple,simple
e79a8706efd117f6-d20c2c70387e4933-d4ccd5ff221a31581b3a46b64ac7a602.png,2,2,3,simple,simple,simple
vRX813.png,3,2,3,simple,simple,simple
vFG435.png,4,3,4,complex,simple,complex
vFG635.png,5,3,3,complex,simple,simple
vFG822.png,4,4,4,complex,complex,complex
vHX470.png,4,4,3,complex,complex,simple
vHX409.png,5,4,3,complex,complex,simple
vFG544.png,4,4,4,complex,complex,complex
XMY-118.png,4,3,5,complex,simple,complex
vRX161.png,4,3,3,complex,simple,simple
vRX861.png,4,4,3,complex,complex,simple
XYH-156.png,2,4,2,simple,complex,simple
vRX223.png,5,4,5,complex,complex,complex
vRX290.png,3,4,5,simple,complex,complex
XMY-254.png,5,2,4,complex,simple,complex
vHX201.png,5,2,2,complex,simple,simple
XMY-205.png,6,4,6,complex,complex,complex
vHX461.png,4,3,1,complex,simple,simple
95AAC6156727FECF431C3798CD36BA9F.png,4,3,4,complex,simple,complex
vFG375.png,5,4,4,complex,complex,complex
vFG386.png,8,4,5,complex,complex,complex
vRX826.png,3,2,2,simple,simple,simple
vHX209.png,6,4,5,complex,complex,complex
f0065bc922ed7d3a034b8486652edf16.png,5,3,5,complex,simple,complex
vFG199.png,5,4,4,complex,complex,complex
vFG847.png,6,3,2,complex,simple,simple
vRX528.png,5,3,4,complex,simple,complex
vRX521.png,5,2,1,complex,simple,simple
vFG158.png,6,3,4,complex,simple,complex
vRX820.png,4,3,2,complex,simple,simple
vHX420.png,2,3,1,simple,simple,simple
vFG3.png,3,3,3,simple,simple,simple
vFG641.png,4,3,4,complex,simple,complex
vFG837.png,4,3,3,complex,simple,simple
vHX284.png,3,2,3,simple,simple,simple
vFG75.png,5,3,4,complex,simple,complex
vFG217.png,4,3,4,complex,simple,complex
vRX334.png,5,2,3,complex,simple,simple
vRX136.png,5,4,5,complex,complex,complex
vRX28.png,2,3,2,simple,simple,simple
vRX8.png,5,4,5,complex,complex,complex
vHX392.png,5,3,3,complex,simple,simple
vFG350.png,3,3,3,simple,simple,simple
vHX293.png,3,3,2,simple,simple,simple
vFG9.png,5,3,3,complex,simple,simple
vHX21.png,2,3,1,simple,simple,simple
vHX601.png,4,3,3,complex,simple,simple
vHX379.png,2,2,3,simple,simple,simple
vFG121.png,4,3,5,complex,simple,complex
XMY-432.png,3,3,3,simple,simple,simple
vRX802.png,3,2,3,simple,simple,simple
vFG190.png,3,3,2,simple,simple,simple
vFG787.png,4,3,4,complex,simple,complex
vHX605.png,4,2,3,complex,simple,simple
vFG316.png,5,3,3,complex,simple,simple
vFG205.png,5,2,5,complex,simple,complex
87989.png,4,3,4,complex,simple,complex
vRX848.png,4,3,4,complex,simple,complex
vHX154.png,4,3,3,complex,simple,simple
vFG663.png,3,3,4,simple,simple,complex
vFG87.png,5,2,5,complex,simple,complex
vHX476.png,4,4,3,complex,complex,simple
vRX503.png,5,4,4,complex,complex,complex
vHX374.png,4,3,2,complex,simple,simple
vHX241.png,5,4,3,complex,complex,simple
vRX856.png,3,2,2,simple,simple,simple
XYUH-019.png,5,4,5,complex,complex,complex
vRX704.png,4,5,5,complex,complex,complex
vHX597.png,3,4,2,simple,complex,simple
vHX262.png,5,3,5,complex,simple,complex
vRX745.png,2,4,4,simple,complex,complex
XMY-087.png,7,4,4,complex,complex,complex
vRX602.png,4,4,3,complex,complex,simple
vHX661.png,4,2,2,complex,simple,simple
vFG574.png,5,3,3,complex,simple,simple
vHX571.png,1,5,3,simple,complex,simple
vHX677.png,5,4,4,complex,complex,complex
vRX522.png,4,3,2,complex,simple,simple
vHX767.png,3,3,2,simple,simple,simple
vRX468.png,4,4,2,complex,complex,simple
vHX195.png,4,3,2,complex,simple,simple
vRX21.png,4,4,3,complex,complex,simple
vFG848.png,6,3,5,complex,simple,complex
vHX162.png,4,4,4,complex,complex,complex
vRX283.png,3,3,4,simple,simple,complex
vRX484.png,2,3,2,simple,simple,simple
vHX613.png,4,3,5,complex,simple,complex
vFG496.png,3,2,4,simple,simple,complex
vFG68.png,2,2,3,simple,simple,simple
vHX510.png,4,3,3,complex,simple,simple
vFG79.png,3,3,4,simple,simple,complex
vHX407.png,5,2,3,complex,simple,simple
vRX303.png,5,3,5,complex,simple,complex
vFG71.png,4,3,3,complex,simple,simple
vFG56.png,6,4,2,complex,complex,simple
vHX63.png,6,3,4,complex,simple,complex
vHX708.png,2,2,3,simple,simple,simple
XYUH-085.png,4,4,5,complex,complex,complex
vFG157.png,4,4,2,complex,complex,simple
vRX152.png,4,3,4,complex,simple,complex
vRX399.png,3,3,4,simple,simple,complex
vHX513.png,4,2,1,complex,simple,simple
XMY-173.png,3,3,3,simple,simple,simple
XMY-307.png,3,3,4,simple,simple,complex
vRX17.png,4,3,3,complex,simple,simple
vFG167.png,4,3,5,complex,simple,complex
vHX604.png,2,2,2,simple,simple,simple
vRX5.png,2,3,3,simple,simple,simple
XYH-046.png,4,4,3,complex,complex,simple
vRX393.png,3,2,3,simple,simple,simple
vRX666.png,3,2,2,simple,simple,simple
vRX130.png,4,2,1,complex,simple,simple
vHX220.png,2,3,2,simple,simple,simple
vRX339.png,3,3,3,simple,simple,simple
vHX675.png,4,3,1,complex,simple,simple
vRX338.png,5,5,4,complex,complex,complex
vRX411.png,3,3,4,simple,simple,complex
XMY-427.png,5,3,4,complex,simple,complex
vHX252.png,5,3,3,complex,simple,simple
vHX588.png,3,3,2,simple,simple,simple
vFG29.png,5,2,3,complex,simple,simple
vFG553.png,5,3,5,complex,simple,complex
vFG478.png,4,3,3,complex,simple,simple
XMY-059.png,3,2,5,simple,simple,complex
vFG151.png,3,3,3,simple,simple,simple
vRX775.png,4,3,3,complex,simple,simple
vHX548.png,4,3,3,complex,simple,simple
vRX799.png,2,3,3,simple,simple,simple
b94fc31829bd11fcbf935d285b93dba3.png,3,3,4,simple,simple,complex
vHX435.png,3,4,2,simple,complex,simple
vRX746.png,3,3,2,simple,simple,simple
vRX233.png,3,3,3,simple,simple,simple
vRX872.png,2,3,3,simple,simple,simple
yrtyryt.png,2,2,2,simple,simple,simple
vFG754.png,2,3,4,simple,simple,complex
vRX77.png,4,4,3,complex,complex,simple
vHX654.png,5,3,5,complex,simple,complex
vFG683.png,2,3,2,simple,simple,simple
vFG799.png,3,4,3,simple,complex,simple
vFG521.png,4,4,3,complex,complex,simple
vHX96.png,2,3,3,simple,simple,simple
vFG584.png,4,3,5,complex,simple,complex
vRX416.png,6,2,2,complex,simple,simple
vFG517.png,5,3,3,complex,simple,simple
vFG729.png,3,4,2,simple,complex,simple
vFG52.png,4,3,2,complex,simple,simple
vHX770.png,2,3,1,simple,simple,simple
5e755961e8a988678ce0f48464c8da74.png,3,3,3,simple,simple,simple
vHX635.png,4,3,1,complex,simple,simple
vHX355.png,2,3,4,simple,simple,complex
vHX78.png,5,2,3,complex,simple,simple
vFG102.png,2,3,4,simple,simple,complex
vFG591.png,4,4,3,complex,complex,simple
vFG747.png,5,3,6,complex,simple,complex
vRX319.png,4,5,2,complex,complex,simple
03480298a56454e8fab7df9efbff8040.png,4,3,2,complex,simple,simple
vFG244.png,4,3,4,complex,simple,complex
vFG577.png,6,4,5,complex,complex,complex
vRX615.png,3,2,2,simple,simple,simple
vHX114.png,4,4,5,complex,complex,complex
vFG427.png,4,4,3,complex,complex,simple
vHX592.png,3,3,2,simple,simple,simple
vFG639.png,3,3,4,simple,simple,complex
vHX699.png,3,3,3,simple,simple,simple
vHX375.png,4,3,1,complex,simple,simple
XYH-042.png,4,3,4,complex,simple,complex
vFG793.png,4,3,2,complex,simple,simple
vRX199.png,4,4,3,complex,complex,simple
XYH-172.png,6,3,3,complex,simple,simple
ututuy.png,3,3,5,simple,simple,complex
XMY-387.png,3,3,3,simple,simple,simple
vHX125.png,4,3,5,complex,simple,complex
vHX534.png,4,3,5,complex,simple,complex
vRX295.png,3,2,3,simple,simple,simple
vRX855.png,4,3,3,complex,simple,simple
vFG468.png,5,1,3,complex,simple,simple
vFG89.png,4,4,3,complex,complex,simple
vFG439.png,3,3,5,simple,simple,complex
XYH-108.png,5,3,4,complex,simple,complex
ac75323d6b6de243-cac4955356021c85-a291c1f456f63e26dbc4ec41a8d8d168.png,4,3,3,complex,simple,simple
vFG782.png,4,3,3,complex,simple,simple
vFG644.png,5,3,4,complex,simple,complex
vFG380.png,2,3,4,simple,simple,complex
vRX617.png,4,3,2,complex,simple,simple
vHX564.png,3,3,4,simple,simple,complex
vFG405.png,3,2,2,simple,simple,simple
6d8b3d09feb4a574042b431ed3f29f0f.png,5,4,5,complex,complex,complex
vRX313.png,4,3,3,complex,simple,simple
vFG740.png,3,3,4,simple,simple,complex
vRX11.png,3,2,3,simple,simple,simple
vFG827.png,2,2,3,simple,simple,simple
vFG554.png,5,4,4,complex,complex,complex
vFG592.png,3,4,3,simple,complex,simple
vFG780.png,4,3,4,complex,simple,complex
vFG13.png,4,3,3,complex,simple,simple
vFG327.png,5,4,3,complex,complex,simple
vFG219.png,4,3,3,complex,simple,simple
b41f1f7fd71a2744bd9c2fcfe55e12b6.png,5,3,4,complex,simple,complex
vRX731.png,3,3,1,simple,simple,simple
vFG624.png,6,4,6,complex,complex,complex
dfbe8ada2c1bcfd853000b4d83d311e3.png,6,4,3,complex,complex,simple
vHX653.png,3,3,3,simple,simple,simple
vFG524.png,4,4,3,complex,complex,simple
vHX310.png,4,2,3,complex,simple,simple
vRX202.png,5,3,4,complex,simple,complex
vHX771.png,4,4,4,complex,complex,complex
vFG123.png,4,4,4,complex,complex,complex
vRX504.png,3,2,1,simple,simple,simple
vRX408.png,5,2,3,complex,simple,simple
vFG389.png,4,3,4,complex,simple,complex
vHX701.png,5,3,3,complex,simple,simple
vHX29.png,1,3,5,simple,simple,complex
XYH-094.png,1,2,3,simple,simple,simple
vRX547.png,3,2,3,simple,simple,simple
XMY-170.png,5,3,4,complex,simple,complex
vFG136.png,5,3,4,complex,simple,complex
vHX303.png,5,4,2,complex,complex,simple
vRX632.png,3,2,2,simple,simple,simple
vHX40.png,4,3,5,complex,simple,complex
vRX543.png,4,3,3,complex,simple,simple
XMY-402.png,5,2,4,complex,simple,complex
vRX868.png,6,4,3,complex,complex,simple
vRX396.png,5,4,4,complex,complex,complex
vHX416.png,3,2,4,simple,simple,complex
vFG278.png,3,2,2,simple,simple,simple
vRX867.png,7,4,1,complex,complex,simple
vFG580.png,4,3,3,complex,simple,simple
vHX344.png,4,3,2,complex,simple,simple
9557ea1d9ea9baa1674a83023e6cd6b1.png,3,3,3,simple,simple,simple
vHX343.png,3,2,1,simple,simple,simple
vHX350.png,3,2,1,simple,simple,simple
vFG775.png,5,3,3,complex,simple,simple
vHX667.png,3,4,1,simple,complex,simple
vHX176.png,3,2,3,simple,simple,simple
vRX707.png,6,3,3,complex,simple,simple
vRX57.png,3,3,4,simple,simple,complex
vHX644.png,4,4,3,complex,complex,simple
vHX607.png,3,2,5,simple,simple,complex
vRX140.png,4,2,3,complex,simple,simple
vRX578.png,3,3,3,simple,simple,simple
vFG509.png,4,3,3,complex,simple,simple
vFG657.png,6,2,4,complex,simple,complex
vHX196.png,2,1,3,simple,simple,simple
vRX816.png,5,4,4,complex,complex,complex
vFG736.png,4,4,3,complex,complex,simple
vRX285.png,3,3,3,simple,simple,simple
vRX373.png,2,3,3,simple,simple,simple
vRX117.png,4,2,3,complex,simple,simple
vHX64.png,3,3,3,simple,simple,simple
vFG609.png,4,4,2,complex,complex,simple
8381966436327982321.png,3,3,4,simple,simple,complex
vFG846.png,4,3,3,complex,simple,simple
vHX42.png,4,3,4,complex,simple,complex
f6fee9e40585bfea974e3d8cf78fe12d.png,5,3,3,complex,simple,simple
tooopen_sy_148040474216.png,5,2,3,complex,simple,simple
vHX552.png,5,3,2,complex,simple,simple
vRX361.png,5,4,3,complex,complex,simple
XYUH-117.png,2,2,4,simple,simple,complex
31bdcd86ffa8cc91444ec6ca921e32e5.png,5,3,4,complex,simple,complex
vRX109.png,4,4,3,complex,complex,simple
vFG159.png,4,3,2,complex,simple,simple
vHX627.png,3,4,1,simple,complex,simple
vRX390.png,5,2,5,complex,simple,complex
vRX352.png,4,4,2,complex,complex,simple
YH-137.png,6,3,3,complex,simple,simple
vFG709.png,4,4,4,complex,complex,complex
vHX395.png,5,3,1,complex,simple,simple
vFG457.png,6,4,4,complex,complex,complex
vRX497.png,3,3,3,simple,simple,simple
vHX698.png,3,1,1,simple,simple,simple
vHX151.png,4,3,4,complex,simple,complex
vHX129.png,3,3,2,simple,simple,simple
vHX738.png,4,3,2,complex,simple,simple
vFG450.png,6,3,4,complex,simple,complex
vRX20.png,3,4,3,simple,complex,simple
vFG215.png,3,2,3,simple,simple,simple
YH-69.png,5,3,5,complex,simple,complex
vFG763.png,4,4,2,complex,complex,simple
vRX193.png,5,4,4,complex,complex,complex
vFG791.png,5,3,1,complex,simple,simple
vHX415.png,4,3,1,complex,simple,simple
XYH-082.png,4,3,4,complex,simple,complex
vHX555.png,3,3,3,simple,simple,simple
vRX778.png,2,2,2,simple,simple,simple
vHX24.png,2,2,4,simple,simple,complex
vRX588.png,4,3,2,complex,simple,simple
vRX837.png,2,3,3,simple,simple,simple
vRX695.png,3,2,2,simple,simple,simple
vHX606.png,1,3,3,simple,simple,simple
vHX621.png,4,2,2,complex,simple,simple
vHX360.png,5,3,3,complex,simple,simple
vHX428.png,4,4,3,complex,complex,simple
vFG687.png,7,4,3,complex,complex,simple
vRX37.png,2,2,2,simple,simple,simple
vHX550.png,4,4,3,complex,complex,simple
vHX544.png,4,2,5,complex,simple,complex
vHX302.png,1,2,3,simple,simple,simple
vRX800.png,4,4,4,complex,complex,complex
vFG96.png,4,3,3,complex,simple,simple
vHX763.png,2,3,3,simple,simple,simple
vHX580.png,4,3,1,complex,simple,simple
vRX636.png,3,4,3,simple,complex,simple
vHX27.png,2,3,4,simple,simple,complex
vRX460.png,2,3,1,simple,simple,simple
vHX490.png,1,3,1,simple,simple,simple
vFG626.png,5,2,2,complex,simple,simple
vHX219.png,3,2,1,simple,simple,simple
vHX49.png,2,2,1,simple,simple,simple
vFG230.png,3,3,4,simple,simple,complex
vHX655.png,3,3,3,simple,simple,simple
vFG180.png,4,3,4,complex,simple,complex
ef22531c99c63c3c31b2e3dce6926e59.png,4,3,1,complex,simple,simple
vHX489.png,5,4,5,complex,complex,complex
vHX332.png,5,1,4,complex,simple,complex
vFG330.png,4,3,2,complex,simple,simple
vRX337.png,5,2,2,complex,simple,simple
vFG630.png,5,3,5,complex,simple,complex
vFG344.png,3,3,2,simple,simple,simple
vFG628.png,5,3,4,complex,simple,complex
YH-92.png,4,3,2,complex,simple,simple
vHX44.png,5,4,1,complex,complex,simple
vFG752.png,5,3,4,complex,simple,complex
vFG351.png,5,3,6,complex,simple,complex
ac75323d6b6de243-cac4955356021c85-6e609d6fe2213cc97b4c7a5ef08e4f07.png,6,4,5,complex,complex,complex
vHX128.png,5,5,6,complex,complex,complex
vFG831.png,5,3,3,complex,simple,simple
vRX167.png,3,3,1,simple,simple,simple
vRX669.png,3,3,1,simple,simple,simple
vFG36.png,3,3,3,simple,simple,simple
vHX585.png,4,3,2,complex,simple,simple
vRX372.png,3,3,4,simple,simple,complex
XYUH-132.png,4,4,2,complex,complex,simple
f844867da1d09bb8e4de572849102742.png,5,3,4,complex,simple,complex
vFG385.png,4,3,3,complex,simple,simple
vHX259.png,6,4,5,complex,complex,complex
vRX483.png,4,3,3,complex,simple,simple
vFG838.png,7,3,5,complex,simple,complex
vRX566.png,3,2,2,simple,simple,simple
vHX612.png,4,4,2,complex,complex,simple
QQ20171214193917.png,5,3,3,complex,simple,simple
vFG262.png,5,4,4,complex,complex,complex
vFG257.png,4,4,6,complex,complex,complex
vRX110.png,3,3,4,simple,simple,complex
vRX698.png,5,3,4,complex,simple,complex
vFG234.png,6,5,4,complex,complex,complex
27cf6c5f6d9f15a1b5ca5453a7d20802.png,4,4,3,complex,complex,simple
vRX284.png,1,2,1,simple,simple,simple
vRX537.png,5,2,4,complex,simple,complex
XYH-133.png,6,4,4,complex,complex,complex
vFG260.png,4,2,3,complex,simple,simple
vHX559.png,5,3,2,complex,simple,simple
vRX491.png,4,3,3,complex,simple,simple
vFG471.png,5,3,4,complex,simple,complex
vRX192.png,6,3,2,complex,simple,simple
XMY-112.png,4,3,3,complex,simple,simple
vRX200.png,3,3,2,simple,simple,simple
vHX722.png,2,3,3,simple,simple,simple
vRX351.png,3,3,3,simple,simple,simple
XYH-126.png,5,3,4,complex,simple,complex
vRX697.png,5,2,3,complex,simple,simple
vFG49.png,3,3,4,simple,simple,complex
vFG76.png,5,4,4,complex,complex,complex
vRX631.png,4,2,2,complex,simple,simple
vRX840.png,4,2,1,complex,simple,simple
vHX159.png,2,3,2,simple,simple,simple
vFG243.png,5,3,2,complex,simple,simple
9d8e5af6127c3b31c4ce35276a8f9ca1.png,4,3,1,complex,simple,simple
f45993f39b38a5f83e5869c18ea14c97.png,4,3,2,complex,simple,simple
vRX402.png,5,3,5,complex,simple,complex
d439d4f5704c99f55aa6b88a40a3ea62.png,3,3,2,simple,simple,simple
vHX466.png,4,4,2,complex,complex,simple
vFG392.png,6,4,6,complex,complex,complex
XYH-007.png,3,3,4,simple,simple,complex
vRX641.png,3,3,2,simple,simple,simple
vHX427.png,4,3,3,complex,simple,simple
vHX69.png,3,3,1,simple,simple,simple
vRX793.png,4,3,3,complex,simple,simple
vFG647.png,4,3,2,complex,simple,simple
vRX539.png,5,3,2,complex,simple,simple
XYH-170.png,4,3,5,complex,simple,complex
vFG579.png,4,2,4,complex,simple,complex
vRX852.png,3,3,2,simple,simple,simple
vFG433.png,5,4,6,complex,complex,complex
XMY-295.png,3,3,3,simple,simple,simple
vHX181.png,4,3,3,complex,simple,simple
vRX35.png,4,3,2,complex,simple,simple
vRX446.png,4,3,3,complex,simple,simple
vFG72.png,3,2,2,simple,simple,simple
vHX532.png,3,3,2,simple,simple,simple
0fa4a0c941ca203c50d8188d7a6ae518.png,5,3,4,complex,simple,complex
vFG826.png,4,3,4,complex,simple,complex
vRX572.png,2,3,2,simple,simple,simple
vRX529.png,4,4,2,complex,complex,simple
vHX207.png,5,3,3,complex,simple,simple
vHX758.png,3,3,2,simple,simple,simple
vFG823.png,4,3,4,complex,simple,complex
vRX385.png,4,4,4,complex,complex,complex
vFG390.png,4,3,3,complex,simple,simple
vHX32.png,2,4,3,simple,complex,simple
vFG489.png,4,3,3,complex,simple,simple
vRX405.png,2,3,3,simple,simple,simple
vFG694.png,4,2,3,complex,simple,simple
vFG586.png,4,3,4,complex,simple,complex
vRX558.png,3,2,2,simple,simple,simple
vHX694.png,4,3,1,complex,simple,simple
vFG430.png,4,3,3,complex,simple,simple
vRX571.png,5,4,3,complex,complex,simple
vHX59.png,3,2,1,simple,simple,simple
vRX78.png,4,3,2,complex,simple,simple
XMY-111.png,5,4,4,complex,complex,complex
vHX462.png,3,3,3,simple,simple,simple
vFG768.png,5,3,4,complex,simple,complex
vHX177.png,4,5,1,complex,complex,simple
XMY-257.png,4,4,5,complex,complex,complex
vRX807.png,6,3,3,complex,simple,simple
vFG81.png,3,3,3,simple,simple,simple
vFG832.png,4,3,5,complex,simple,complex
vRX325.png,3,3,2,simple,simple,simple
vRX662.png,3,2,2,simple,simple,simple
2221b30fe24171ec-6f4d22b8019fd5c5-649c1cf41450004f48995f092ab6e110.png,5,2,4,complex,simple,complex
vRX613.png,1,2,3,simple,simple,simple
XMY-431.png,2,3,3,simple,simple,simple
vFG311.png,5,4,4,complex,complex,complex
vFG828.png,5,3,2,complex,simple,simple
vRX871.png,3,2,1,simple,simple,simple
vRX53.png,3,2,3,simple,simple,simple
vHX41.png,5,4,3,complex,complex,simple
vFG125.png,4,5,4,complex,complex,complex
vHX370.png,2,3,3,simple,simple,simple
XYH-131.png,3,3,3,simple,simple,simple
Mypsd_2969_201012102201250011B.png,3,3,2,simple,simple,simple
vRX349.png,5,4,4,complex,complex,complex
vFG770.png,4,2,2,complex,simple,simple
15d06c640213f4d70d42bf6a8ae28d05.png,5,3,3,complex,simple,simple
XMY-045.png,4,2,4,complex,simple,complex
vHX596.png,4,3,3,complex,simple,simple
vRX301.png,5,3,5,complex,simple,complex
XMY-029.png,5,4,6,complex,complex,complex
vHX144.png,2,4,4,simple,complex,complex
181bef741bf71ca0866eacaa59e61b38.png,5,3,3,complex,simple,simple
vHX445.png,2,3,2,simple,simple,simple
vFG338.png,3,2,3,simple,simple,simple
vHX224.png,5,3,1,complex,simple,simple
vHX61.png,3,3,1,simple,simple,simple
vFG40.png,3,4,3,simple,complex,simple
vFG45.png,5,3,5,complex,simple,complex
vHX688.png,4,4,2,complex,complex,simple
XMY-332.png,4,4,4,complex,complex,complex
vFG138.png,3,3,1,simple,simple,simple
vRX661.png,4,2,2,complex,simple,simple
vHX295.png,3,3,4,simple,simple,complex
vHX565.png,3,3,5,simple,simple,complex
vFG849.png,4,2,3,complex,simple,simple
vFG32.png,5,4,6,complex,complex,complex
XYH-021.png,5,3,4,complex,simple,complex
XMY-141.png,4,1,2,complex,simple,simple
vFG815.png,3,3,3,simple,simple,simple
vRX563.png,5,3,4,complex,simple,complex
vFG488.png,5,3,3,complex,simple,simple
vFG209.png,4,3,2,complex,simple,simple
vRX702.png,3,3,2,simple,simple,simple
vHX496.png,2,2,2,simple,simple,simple
vHX137.png,4,3,3,complex,simple,simple
vHX190.png,2,3,2,simple,simple,simple
vHX480.png,3,1,2,simple,simple,simple
vRX424.png,2,2,1,simple,simple,simple
75af8a2c7c2e027b857788a9976d383b.png,5,4,4,complex,complex,complex
vFG164.png,4,3,3,complex,simple,simple
vFG557.png,5,3,3,complex,simple,simple
vRX430.png,3,4,2,simple,complex,simple
vRX271.png,4,4,4,complex,complex,complex
XMY-304.png,3,3,4,simple,simple,complex
vFG41.png,5,1,5,complex,simple,complex
vHX321.png,6,4,4,complex,complex,complex
vFG235.png,5,3,3,complex,simple,simple
vHX189.png,4,2,4,complex,simple,complex
vRX306.png,4,3,4,complex,simple,complex
vHX198.png,3,3,4,simple,simple,complex
vRX495.png,3,3,4,simple,simple,complex
vRX847.png,4,2,3,complex,simple,simple
vRX437.png,4,3,3,complex,simple,simple
vHX340.png,5,2,2,complex,simple,simple
vHX633.png,3,3,3,simple,simple,simple
vRX498.png,2,3,2,simple,simple,simple
vRX651.png,3,3,2,simple,simple,simple
vFG585.png,4,3,4,complex,simple,complex
vRX435.png,3,3,3,simple,simple,simple
vFG590.png,3,3,4,simple,simple,complex
vFG845.png,5,2,3,complex,simple,simple
vFG670.png,3,3,2,simple,simple,simple
vHX16.png,3,1,4,simple,simple,complex
vRX754.png,4,4,5,complex,complex,complex
vFG365.png,4,4,1,complex,complex,simple
XMY-429.png,3,3,5,simple,simple,complex
vFG373.png,4,4,4,complex,complex,complex
XYH-061.png,4,2,4,complex,simple,complex
vHX229.png,1,3,2,simple,simple,simple
vRX688.png,4,3,2,complex,simple,simple
vFG48.png,4,3,3,complex,simple,simple
20110310_80.png,5,3,4,complex,simple,complex
vFG728.png,4,2,4,complex,simple,complex
vRX308.png,4,3,3,complex,simple,simple
vFG528.png,3,2,1,simple,simple,simple
vFG347.png,5,3,4,complex,simple,complex
vRX381.png,4,3,2,complex,simple,simple
vRX24.png,4,4,2,complex,complex,simple
vFG300.png,4,4,5,complex,complex,complex
vHX714.png,2,2,2,simple,simple,simple
vHX138.png,3,2,3,simple,simple,simple
vHX437.png,2,1,2,simple,simple,simple
XMY-028.png,3,3,5,simple,simple,complex
vHX140.png,3,3,3,simple,simple,simple
vRX422.png,2,3,3,simple,simple,simple
vHX179.png,5,2,2,complex,simple,simple
vHX171.png,4,3,3,complex,simple,simple
vFG495.png,5,4,4,complex,complex,complex
vRX647.png,3,2,3,simple,simple,simple
vHX712.png,3,3,3,simple,simple,simple
vFG137.png,5,3,3,complex,simple,simple
vFG402.png,3,5,5,simple,complex,complex
vRX699.png,3,3,3,simple,simple,simple
vHX55.png,4,3,4,complex,simple,complex
vRX737.png,5,2,2,complex,simple,simple
vRX505.png,4,3,3,complex,simple,simple
vRX81.png,5,4,5,complex,complex,complex
vFG738.png,5,2,4,complex,simple,complex
vHX82.png,3,4,2,simple,complex,simple
vFG284.png,4,4,3,complex,complex,simple
XYH-002.png,4,3,4,complex,simple,complex
bbddd296c79d8edf6520e8673861bc52.png,5,3,5,complex,simple,complex
ff4577bf68b3de093f136b49d17bbcc3.png,4,2,2,complex,simple,simple
vFG814.png,5,4,5,complex,complex,complex
vRX327.png,5,3,3,complex,simple,simple
vRX432.png,4,3,2,complex,simple,simple
vRX19.png,4,3,3,complex,simple,simple
vRX102.png,2,4,2,simple,complex,simple
vHX119.png,5,3,5,complex,simple,complex
52f7351bb817d8b45fa6aa4007b31181.png,5,3,5,complex,simple,complex
vFG840.png,6,4,2,complex,complex,simple
XMY-110.png,2,3,3,simple,simple,simple
vFG597.png,5,4,4,complex,complex,complex
vFG376.png,4,3,3,complex,simple,simple
vHX432.png,4,4,5,complex,complex,complex
vRX585.png,4,3,5,complex,simple,complex
vHX286.png,3,3,3,simple,simple,simple
vRX452.png,3,3,3,simple,simple,simple
vRX748.png,4,3,4,complex,simple,complex
vHX334.png,4,2,4,complex,simple,complex
vHX111.png,5,4,2,complex,complex,simple
vFG285.png,7,3,5,complex,simple,complex
vFG668.png,5,3,3,complex,simple,simple
vHX2.png,3,2,2,simple,simple,simple
vRX256.png,2,3,3,simple,simple,simple
vFG250.png,6,4,6,complex,complex,complex
vFG223.png,2,3,4,simple,simple,complex
vRX162.png,7,3,5,complex,simple,complex
vRX755.png,2,4,3,simple,complex,simple
vHX307.png,3,3,2,simple,simple,simple
vRX239.png,5,3,3,complex,simple,simple
vRX556.png,5,3,4,complex,simple,complex
vFG34.png,6,4,4,complex,complex,complex
vFG370.png,6,4,1,complex,complex,simple
vRX726.png,3,3,4,simple,simple,complex
vFG643.png,4,3,5,complex,simple,complex
vFG567.png,5,3,5,complex,simple,complex
vRX833.png,4,4,4,complex,complex,complex
vFG578.png,5,3,3,complex,simple,simple
vHX48.png,5,3,3,complex,simple,simple
vHX279.png,4,2,4,complex,simple,complex
vFG117.png,3,3,4,simple,simple,complex
vFG144.png,3,2,4,simple,simple,complex
vRX817.png,4,2,2,complex,simple,simple
XMY-268.png,4,4,3,complex,complex,simple
vHX149.png,5,3,2,complex,simple,simple
vFG565.png,6,3,3,complex,simple,simple
vHX320.png,3,3,3,simple,simple,simple
vFG555.png,6,2,4,complex,simple,complex
vRX865.png,4,4,1,complex,complex,simple
XYH-068.png,3,3,3,simple,simple,simple
vRX845.png,4,4,3,complex,complex,simple
vHX281.png,3,2,1,simple,simple,simple
vHX391.png,5,3,2,complex,simple,simple
vRX217.png,4,3,4,complex,simple,complex
vRX406.png,4,2,4,complex,simple,complex
vFG451.png,6,4,4,complex,complex,complex
vFG143.png,5,3,2,complex,simple,simple
XYH-069.png,4,2,2,complex,simple,simple
ertertrete.png,4,2,4,complex,simple,complex
vRX39.png,3,3,2,simple,simple,simple
vFG623.png,5,5,3,complex,complex,simple
vHX471.png,2,3,2,simple,simple,simple
vFG474.png,2,3,4,simple,simple,complex
vFG688.png,4,3,3,complex,simple,simple
vRX173.png,2,4,3,simple,complex,simple
vRX455.png,3,3,3,simple,simple,simple
vFG103.png,4,4,4,complex,complex,complex
vHX593.png,3,2,3,simple,simple,simple
vFG92.png,4,2,4,complex,simple,complex
XMY-142.png,4,3,4,complex,simple,complex
vFG785.png,3,3,4,simple,simple,complex
vRX493.png,3,3,4,simple,simple,complex
vFG706.png,3,1,3,simple,simple,simple
vHX298.png,3,3,3,simple,simple,simple
vRX230.png,3,3,2,simple,simple,simple
XMY-442.png,4,3,3,complex,simple,simple
0512fa1eb74daff32c1e81cbf736306f.png,4,2,5,complex,simple,complex
vHX492.png,1,3,3,simple,simple,simple
vRX294.png,3,4,4,simple,complex,complex
XYH-164.png,5,3,4,complex,simple,complex
vHX690.png,3,3,4,simple,simple,complex
d3b1af3de95cc4da1b1a1a8eca2176de.png,5,4,4,complex,complex,complex
vHX429.png,4,3,1,complex,simple,simple
vFG818.png,3,5,4,simple,complex,complex
1a200897368df69e05b9e1d6d3d1ad9a.png,5,3,3,complex,simple,simple
vFG850.png,2,3,3,simple,simple,simple
vHX549.png,4,3,3,complex,simple,simple
vRX250.png,2,2,3,simple,simple,simple
vRX108.png,4,2,2,complex,simple,simple
vRX22.png,5,4,3,complex,complex,simple
vFG446.png,4,3,4,complex,simple,complex
vHX308.png,2,3,1,simple,simple,simple
vRX267.png,3,3,3,simple,simple,simple
vRX776.png,3,2,4,simple,simple,complex
vFG735.png,5,4,4,complex,complex,complex
vRX185.png,5,4,3,complex,complex,simple
vRX790.png,3,3,2,simple,simple,simple
vRX475.png,3,2,2,simple,simple,simple
vHX173.png,5,4,5,complex,complex,complex
vHX458.png,2,3,1,simple,simple,simple
vFG156.png,5,3,3,complex,simple,simple
vHX339.png,5,3,2,complex,simple,simple
vRX170.png,3,3,2,simple,simple,simple
vRX84.png,3,3,1,simple,simple,simple
vRX844.png,3,2,1,simple,simple,simple
vRX823.png,5,3,5,complex,simple,complex
vFG353.png,5,3,3,complex,simple,simple
vRX417.png,4,3,1,complex,simple,simple
vFG526.png,4,4,3,complex,complex,simple
1f178a82b9014a900bbf8f87a2773912b31bee0c.png,5,3,4,complex,simple,complex
vHX425.png,2,2,2,simple,simple,simple
vHX8.png,5,2,2,complex,simple,simple
vHX134.png,4,2,3,complex,simple,simple
vRX251.png,2,2,2,simple,simple,simple
vFG378.png,5,4,5,complex,complex,complex
vFG192.png,4,3,2,complex,simple,simple
vFG485.png,5,2,4,complex,simple,complex
vHX264.png,1,3,1,simple,simple,simple
vRX218.png,3,3,2,simple,simple,simple
XYH-145.png,3,4,4,simple,complex,complex
vFG275.png,4,2,4,complex,simple,complex
vFG352.png,5,2,5,complex,simple,complex
vRX209.png,4,2,4,complex,simple,complex
vHX335.png,4,2,3,complex,simple,simple
a3aca3743972170b-f407d937f782b011-0a4b34f1a24e5b73da6580404617f304.png,3,3,3,simple,simple,simple
vHX210.png,4,3,1,complex,simple,simple
vHX182.png,5,2,3,complex,simple,simple
vFG194.png,4,3,2,complex,simple,simple
vRX394.png,2,3,2,simple,simple,simple
vHX554.png,3,3,2,simple,simple,simple
vFG473.png,5,3,4,complex,simple,complex
XMY-005.png,5,5,6,complex,complex,complex
vRX268.png,4,5,5,complex,complex,complex
vRX212.png,3,3,2,simple,simple,simple
vFG573.png,5,4,3,complex,complex,simple
vFG507.png,3,3,2,simple,simple,simple
vRX565.png,3,3,3,simple,simple,simple
vFG283.png,4,3,5,complex,simple,complex
55fad76abbeddf25ab7a04632fca9391.png,3,3,1,simple,simple,simple
XMY-024.png,4,2,4,complex,simple,complex
vRX413.png,3,4,5,simple,complex,complex
vFG114.png,5,3,4,complex,simple,complex
vRX555.png,3,3,4,simple,simple,complex
5bf9f00097f195abed7cab3ba4138e29.png,4,3,4,complex,simple,complex
vHX297.png,4,2,3,complex,simple,simple
vRX850.png,2,3,1,simple,simple,simple
vFG777.png,5,4,3,complex,complex,simple
vRX286.png,4,2,3,complex,simple,simple
vFG483.png,4,3,4,complex,simple,complex
vFG824.png,3,3,3,simple,simple,simple
vFG95.png,4,3,3,complex,simple,simple
XYUH-061.png,4,3,4,complex,simple,complex
vRX742.png,6,4,5,complex,complex,complex
vHX183.png,2,3,1,simple,simple,simple
vFG844.png,5,3,3,complex,simple,simple
YH-39.png,5,2,4,complex,simple,complex
vRX492.png,4,3,3,complex,simple,simple
vHX525.png,5,4,4,complex,complex,complex
XYH-040.png,4,3,3,complex,simple,simple
vHX93.png,5,4,4,complex,complex,complex
vFG615.png,4,3,4,complex,simple,complex
vFG498.png,2,4,3,simple,complex,simple
vHX743.png,4,3,5,complex,simple,complex
vHX329.png,4,4,3,complex,complex,simple
XMY-216.png,3,3,3,simple,simple,simple
vRX561.png,4,3,3,complex,simple,simple
vHX411.png,3,3,1,simple,simple,simple
vHX230.png,4,3,1,complex,simple,simple
vHX235.png,3,3,3,simple,simple,simple
vHX50.png,4,2,3,complex,simple,simple
vRX798.png,3,4,3,simple,complex,simple
XMY-107.png,5,2,5,complex,simple,complex
vRX86.png,4,2,2,complex,simple,simple
vRX166.png,4,3,4,complex,simple,complex
vRX635.png,2,4,4,simple,complex,complex
vRX358.png,3,4,3,simple,complex,simple
vHX296.png,2,2,2,simple,simple,simple
vFG135.png,3,2,4,simple,simple,complex
vHX378.png,4,2,3,complex,simple,simple
XMY-276.png,5,3,5,complex,simple,complex
vRX439.png,3,3,3,simple,simple,simple
vHX268.png,3,3,3,simple,simple,simple
vFG415.png,5,3,5,complex,simple,complex
vRX494.png,7,3,5,complex,simple,complex
vRX459.png,4,3,4,complex,simple,complex
vFG82.png,5,2,1,complex,simple,simple
vHX625.png,5,4,6,complex,complex,complex
vFG382.png,4,2,4,complex,simple,complex
vRX318.png,4,3,3,complex,simple,simple
vHX569.png,3,4,4,simple,complex,complex
vRX25.png,2,3,3,simple,simple,simple
vHX638.png,5,3,4,complex,simple,complex
vRX252.png,4,3,3,complex,simple,simple
vRX175.png,3,3,1,simple,simple,simple
vRX544.png,3,3,5,simple,simple,complex
vHX761.png,3,3,2,simple,simple,simple
f57ba59499ddbe5736d29480411fe8e4.png,4,2,3,complex,simple,simple
vFG600.png,5,5,5,complex,complex,complex
vRX691.png,3,4,4,simple,complex,complex
vHX631.png,4,3,1,complex,simple,simple
vRX229.png,5,3,2,complex,simple,simple
vFG664.png,3,3,2,simple,simple,simple
vHX89.png,5,3,1,complex,simple,simple
vFG520.png,5,3,2,complex,simple,simple
vRX747.png,4,3,3,complex,simple,simple
vRX701.png,4,3,4,complex,simple,complex
vFG756.png,5,3,5,complex,simple,complex
96309f46ebc93dfe68041832e7131b6d.png,3,2,3,simple,simple,simple
XMY-204.png,4,3,3,complex,simple,simple
vHX539.png,4,3,4,complex,simple,complex
vRX770.png,3,3,3,simple,simple,simple
vRX331.png,3,3,2,simple,simple,simple
ac75323d6b6de243-cac4955356021c85-6c42cb70a4c76cb8f3376033fb017f65.png,5,4,5,complex,complex,complex
vFG472.png,5,3,4,complex,simple,complex
vHX488.png,3,4,3,simple,complex,simple
vHX43.png,2,3,2,simple,simple,simple
vFG406.png,5,4,3,complex,complex,simple
vRX323.png,5,3,2,complex,simple,simple
vHX107.png,2,2,1,simple,simple,simple
dd0edb23b9ddf337797a9eb5426beea5.png,4,4,2,complex,complex,simple
vFG612.png,5,4,4,complex,complex,complex
vRX681.png,3,2,3,simple,simple,simple
vRX835.png,5,3,4,complex,simple,complex
vHX120.png,4,4,4,complex,complex,complex
vHX256.png,4,2,3,complex,simple,simple
vFG660.png,4,3,3,complex,simple,simple
vFG150.png,5,4,3,complex,complex,simple
vHX77.png,4,5,3,complex,complex,simple
vFG174.png,5,1,5,complex,simple,complex
vHX79.png,4,3,2,complex,simple,simple
vHX300.png,3,3,2,simple,simple,simple
vFG452.png,5,3,4,complex,simple,complex
vHX576.png,2,3,2,simple,simple,simple
vRX292.png,3,3,2,simple,simple,simple
vFG11.png,6,4,4,complex,complex,complex
vHX724.png,2,3,3,simple,simple,simple
vRX305.png,2,3,4,simple,simple,complex
vRX222.png,5,4,5,complex,complex,complex
vFG618.png,4,4,4,complex,complex,complex
vRX297.png,4,4,3,complex,complex,simple
vRX392.png,4,2,2,complex,simple,simple
vHX231.png,3,4,4,simple,complex,complex
XYH-085.png,4,3,3,complex,simple,simple
vRX384.png,3,3,4,simple,simple,complex
vRX873.png,3,2,1,simple,simple,simple
vRX875.png,4,3,5,complex,simple,complex
vRX877.png,2,2,2,simple,simple,simple
vRX878.png,4,2,3,complex,simple,simple
vRX879.png,4,3,1,complex,simple,simple
vRX88.png,3,3,2,simple,simple,simple
vRX880.png,3,4,2,simple,complex,simple
vRX881.png,5,4,2,complex,complex,simple
vRX882.png,3,3,2,simple,simple,simple
vRX884.png,4,2,4,complex,simple,complex
vRX885.png,3,2,2,simple,simple,simple
vRX886.png,4,4,4,complex,complex,complex
vRX887.png,5,3,3,complex,simple,simple
vRX888.png,4,2,1,complex,simple,simple
vRX889.png,5,4,3,complex,complex,simple
vRX89.png,2,3,2,simple,simple,simple
vRX890.png,3,3,3,simple,simple,simple
vRX891.png,5,3,2,complex,simple,simple
vRX892.png,2,2,3,simple,simple,simple
vRX893.png,5,3,3,complex,simple,simple
vRX894.png,2,2,3,simple,simple,simple
vRX895.png,4,3,1,complex,simple,simple
vRX898.png,3,4,5,simple,complex,complex
vRX899.png,2,3,3,simple,simple,simple
vRX9.png,5,4,5,complex,complex,complex
vRX90.png,3,2,2,simple,simple,simple
vRX900.png,2,4,3,simple,complex,simple
vRX903.png,3,3,3,simple,simple,simple
vRX904.png,4,4,4,complex,complex,complex
vRX905.png,4,3,4,complex,simple,complex
vRX907.png,2,2,2,simple,simple,simple
vRX908.png,3,4,2,simple,complex,simple
vRX91.png,4,3,2,complex,simple,simple
vRX911.png,3,3,2,simple,simple,simple
vRX912.png,5,3,4,complex,simple,complex
vRX913.png,3,3,2,simple,simple,simple
vRX914.png,4,3,2,complex,simple,simple
vRX915.png,5,4,2,complex,complex,simple
vRX916.png,3,3,4,simple,simple,complex
vRX92.png,2,4,2,simple,complex,simple
vRX93.png,4,4,3,complex,complex,simple
vRX94.png,1,3,4,simple,simple,complex
vRX95.png,3,2,2,simple,simple,simple
vRX96.png,2,3,3,simple,simple,simple
vRX97.png,4,2,2,complex,simple,simple
vRX98.png,3,4,3,simple,complex,simple
xfsy_0275.png,3,3,3,simple,simple,simple
ytyrty.png,4,3,4,complex,simple,complex
XMY-023.png,0,0,0,no_makeup,no_makeup,no_makeup
XMY-176.png,0,0,0,no_makeup,no_makeup,no_makeup
XMY-433.png,0,0,0,no_makeup,no_makeup,no_makeup
XYH-150.png,0,0,0,no_makeup,no_makeup,no_makeup
XYUH-002.png,0,0,0,no_makeup,no_makeup,no_makeup
XYUH-006.png,0,0,0,no_makeup,no_makeup,no_makeup
XYUH-007.png,0,0,0,no_makeup,no_makeup,no_makeup
XYUH-010.png,0,0,0,no_makeup,no_makeup,no_makeup
vSYYZ1.png,0,0,0,no_makeup,no_makeup,no_makeup
vSYYZ100.png,0,0,0,no_makeup,no_makeup,no_makeup
vSYYZ101.png,0,0,0,no_makeup,no_makeup,no_makeup
vSYYZ103.png,0,0,0,no_makeup,no_makeup,no_makeup
vSYYZ104.png,0,0,0,no_makeup,no_makeup,no_makeup
vSYYZ105.png,0,0,0,no_makeup,no_makeup,no_makeup
vSYYZ107.png,0,0,0,no_makeup,no_makeup,no_makeup
vSYYZ109.png,0,0,0,no_makeup,no_makeup,no_makeup
vSYYZ110.png,0,0,0,no_makeup,no_makeup,no_makeup
vSYYZ111.png,0,0,0,no_makeup,no_makeup,no_makeup
vSYYZ113.png,0,0,0,no_makeup,no_makeup,no_makeup
vSYYZ114.png,0,0,0,no_makeup,no_makeup,no_makeup
vSYYZ115.png,0,0,0,no_makeup,no_makeup,no_makeup
vSYYZ116.png,0,0,0,no_makeup,no_makeup,no_makeup
vSYYZ117.png,0,0,0,no_makeup,no_makeup,no_makeup
vSYYZ118.png,0,0,0,no_makeup,no_makeup,no_makeup
vSYYZ119.png,0,0,0,no_makeup,no_makeup,no_makeup
vSYYZ120.png,0,0,0,no_makeup,no_makeup,no_makeup
vSYYZ121.png,0,0,0,no_makeup,no_makeup,no_makeup
vSYYZ122.png,0,0,0,no_makeup,no_makeup,no_makeup
vSYYZ123.png,0,0,0,no_makeup,no_makeup,no_makeup
vSYYZ124.png,0,0,0,no_makeup,no_makeup,no_makeup
vSYYZ125.png,0,0,0,no_makeup,no_makeup,no_makeup
vSYYZ126.png,0,0,0,no_makeup,no_makeup,no_makeup
vSYYZ127.png,0,0,0,no_makeup,no_makeup,no_makeup
vSYYZ128.png,0,0,0,no_makeup,no_makeup,no_makeup
vSYYZ129.png,0,0,0,no_makeup,no_makeup,no_makeup
vSYYZ13.png,0,0,0,no_makeup,no_makeup,no_makeup
vSYYZ130.png,0,0,0,no_makeup,no_makeup,no_makeup
vSYYZ132.png,0,0,0,no_makeup,no_makeup,no_makeup
vSYYZ133.png,0,0,0,no_makeup,no_makeup,no_makeup
vSYYZ134.png,0,0,0,no_makeup,no_makeup,no_makeup
vSYYZ135.png,0,0,0,no_makeup,no_makeup,no_makeup
vSYYZ137.png,0,0,0,no_makeup,no_makeup,no_makeup
vSYYZ138.png,0,0,0,no_makeup,no_makeup,no_makeup
vSYYZ139.png,0,0,0,no_makeup,no_makeup,no_makeup
vSYYZ140.png,0,0,0,no_makeup,no_makeup,no_makeup
vSYYZ141.png,0,0,0,no_makeup,no_makeup,no_makeup
vSYYZ142.png,0,0,0,no_makeup,no_makeup,no_makeup
vSYYZ143.png,0,0,0,no_makeup,no_makeup,no_makeup
vSYYZ144.png,0,0,0,no_makeup,no_makeup,no_makeup
vSYYZ145.png,0,0,0,no_makeup,no_makeup,no_makeup
vSYYZ149.png,0,0,0,no_makeup,no_makeup,no_makeup
vSYYZ15.png,0,0,0,no_makeup,no_makeup,no_makeup
vSYYZ153.png,0,0,0,no_makeup,no_makeup,no_makeup
vSYYZ154.png,0,0,0,no_makeup,no_makeup,no_makeup
vSYYZ155.png,0,0,0,no_makeup,no_makeup,no_makeup
vSYYZ156.png,0,0,0,no_makeup,no_makeup,no_makeup
vSYYZ157.png,0,0,0,no_makeup,no_makeup,no_makeup
vSYYZ158.png,0,0,0,no_makeup,no_makeup,no_makeup
vSYYZ159.png,0,0,0,no_makeup,no_makeup,no_makeup
vSYYZ160.png,0,0,0,no_makeup,no_makeup,no_makeup
vSYYZ161.png,0,0,0,no_makeup,no_makeup,no_makeup
vSYYZ163.png,0,0,0,no_makeup,no_makeup,no_makeup
vSYYZ164.png,0,0,0,no_makeup,no_makeup,no_makeup
vSYYZ166.png,0,0,0,no_makeup,no_makeup,no_makeup
vSYYZ168.png,0,0,0,no_makeup,no_makeup,no_makeup
vSYYZ169.png,0,0,0,no_makeup,no_makeup,no_makeup
vSYYZ17.png,0,0,0,no_makeup,no_makeup,no_makeup
vSYYZ170.png,0,0,0,no_makeup,no_makeup,no_makeup
vSYYZ171.png,0,0,0,no_makeup,no_makeup,no_makeup
vSYYZ172.png,0,0,0,no_makeup,no_makeup,no_makeup
vSYYZ173.png,0,0,0,no_makeup,no_makeup,no_makeup
vSYYZ175.png,0,0,0,no_makeup,no_makeup,no_makeup
vSYYZ176.png,0,0,0,no_makeup,no_makeup,no_makeup
vSYYZ177.png,0,0,0,no_makeup,no_makeup,no_makeup
vSYYZ178.png,0,0,0,no_makeup,no_makeup,no_makeup
vSYYZ179.png,0,0,0,no_makeup,no_makeup,no_makeup
vSYYZ18.png,0,0,0,no_makeup,no_makeup,no_makeup
vSYYZ180.png,0,0,0,no_makeup,no_makeup,no_makeup
vSYYZ181.png,0,0,0,no_makeup,no_makeup,no_makeup
vSYYZ182.png,0,0,0,no_makeup,no_makeup,no_makeup
vSYYZ183.png,0,0,0,no_makeup,no_makeup,no_makeup
vSYYZ184.png,0,0,0,no_makeup,no_makeup,no_makeup
vSYYZ186.png,0,0,0,no_makeup,no_makeup,no_makeup
vSYYZ187.png,0,0,0,no_makeup,no_makeup,no_makeup
vSYYZ189.png,0,0,0,no_makeup,no_makeup,no_makeup
vSYYZ19.png,0,0,0,no_makeup,no_makeup,no_makeup
vSYYZ191.png,0,0,0,no_makeup,no_makeup,no_makeup
vSYYZ192.png,0,0,0,no_makeup,no_makeup,no_makeup
vSYYZ193.png,0,0,0,no_makeup,no_makeup,no_makeup
vSYYZ194.png,0,0,0,no_makeup,no_makeup,no_makeup
vSYYZ195.png,0,0,0,no_makeup,no_makeup,no_makeup
vSYYZ196.png,0,0,0,no_makeup,no_makeup,no_makeup
vSYYZ197.png,0,0,0,no_makeup,no_makeup,no_makeup
vSYYZ198.png,0,0,0,no_makeup,no_makeup,no_makeup
vSYYZ199.png,0,0,0,no_makeup,no_makeup,no_makeup
vSYYZ2.png,0,0,0,no_makeup,no_makeup,no_makeup
vSYYZ200.png,0,0,0,no_makeup,no_makeup,no_makeup
vSYYZ201.png,0,0,0,no_makeup,no_makeup,no_makeup
vSYYZ202.png,0,0,0,no_makeup,no_makeup,no_makeup
vSYYZ203.png,0,0,0,no_makeup,no_makeup,no_makeup
vSYYZ204.png,0,0,0,no_makeup,no_makeup,no_makeup
vSYYZ205.png,0,0,0,no_makeup,no_makeup,no_makeup
vSYYZ206.png,0,0,0,no_makeup,no_makeup,no_makeup
vSYYZ207.png,0,0,0,no_makeup,no_makeup,no_makeup
vSYYZ208.png,0,0,0,no_makeup,no_makeup,no_makeup
vSYYZ209.png,0,0,0,no_makeup,no_makeup,no_makeup
vSYYZ21.png,0,0,0,no_makeup,no_makeup,no_makeup
vSYYZ210.png,0,0,0,no_makeup,no_makeup,no_makeup
vSYYZ211.png,0,0,0,no_makeup,no_makeup,no_makeup
vSYYZ212.png,0,0,0,no_makeup,no_makeup,no_makeup
vSYYZ214.png,0,0,0,no_makeup,no_makeup,no_makeup
vSYYZ215.png,0,0,0,no_makeup,no_makeup,no_makeup
vSYYZ216.png,0,0,0,no_makeup,no_makeup,no_makeup
vSYYZ217.png,0,0,0,no_makeup,no_makeup,no_makeup
vSYYZ219.png,0,0,0,no_makeup,no_makeup,no_makeup
vSYYZ220.png,0,0,0,no_makeup,no_makeup,no_makeup
vSYYZ223.png,0,0,0,no_makeup,no_makeup,no_makeup
vSYYZ225.png,0,0,0,no_makeup,no_makeup,no_makeup
vSYYZ226.png,0,0,0,no_makeup,no_makeup,no_makeup
vSYYZ228.png,0,0,0,no_makeup,no_makeup,no_makeup
vSYYZ229.png,0,0,0,no_makeup,no_makeup,no_makeup
vSYYZ23.png,0,0,0,no_makeup,no_makeup,no_makeup
vSYYZ230.png,0,0,0,no_makeup,no_makeup,no_makeup
vSYYZ232.png,0,0,0,no_makeup,no_makeup,no_makeup
vSYYZ233.png,0,0,0,no_makeup,no_makeup,no_makeup
vSYYZ237.png,0,0,0,no_makeup,no_makeup,no_makeup
vSYYZ239.png,0,0,0,no_makeup,no_makeup,no_makeup
vSYYZ240.png,0,0,0,no_makeup,no_makeup,no_makeup
vSYYZ241.png,0,0,0,no_makeup,no_makeup,no_makeup
vSYYZ242.png,0,0,0,no_makeup,no_makeup,no_makeup
vSYYZ243.png,0,0,0,no_makeup,no_makeup,no_makeup
vSYYZ244.png,0,0,0,no_makeup,no_makeup,no_makeup
vSYYZ245.png,0,0,0,no_makeup,no_makeup,no_makeup
vSYYZ247.png,0,0,0,no_makeup,no_makeup,no_makeup
vSYYZ248.png,0,0,0,no_makeup,no_makeup,no_makeup
vSYYZ249.png,0,0,0,no_makeup,no_makeup,no_makeup
vSYYZ25.png,0,0,0,no_makeup,no_makeup,no_makeup
vSYYZ251.png,0,0,0,no_makeup,no_makeup,no_makeup
vSYYZ253.png,0,0,0,no_makeup,no_makeup,no_makeup
vSYYZ255.png,0,0,0,no_makeup,no_makeup,no_makeup
vSYYZ256.png,0,0,0,no_makeup,no_makeup,no_makeup
vSYYZ257.png,0,0,0,no_makeup,no_makeup,no_makeup
vSYYZ258.png,0,0,0,no_makeup,no_makeup,no_makeup
vSYYZ259.png,0,0,0,no_makeup,no_makeup,no_makeup
vSYYZ26.png,0,0,0,no_makeup,no_makeup,no_makeup
vSYYZ260.png,0,0,0,no_makeup,no_makeup,no_makeup
vSYYZ262.png,0,0,0,no_makeup,no_makeup,no_makeup
vSYYZ263.png,0,0,0,no_makeup,no_makeup,no_makeup
vSYYZ264.png,0,0,0,no_makeup,no_makeup,no_makeup
vSYYZ266.png,0,0,0,no_makeup,no_makeup,no_makeup
vSYYZ267.png,0,0,0,no_makeup,no_makeup,no_makeup
vSYYZ268.png,0,0,0,no_makeup,no_makeup,no_makeup
vSYYZ269.png,0,0,0,no_makeup,no_makeup,no_makeup
vSYYZ27.png,0,0,0,no_makeup,no_makeup,no_makeup
vSYYZ270.png,0,0,0,no_makeup,no_makeup,no_makeup
vSYYZ271.png,0,0,0,no_makeup,no_makeup,no_makeup
vSYYZ272.png,0,0,0,no_makeup,no_makeup,no_makeup
vSYYZ273.png,0,0,0,no_makeup,no_makeup,no_makeup
vSYYZ274.png,0,0,0,no_makeup,no_makeup,no_makeup
vSYYZ275.png,0,0,0,no_makeup,no_makeup,no_makeup
vSYYZ277.png,0,0,0,no_makeup,no_makeup,no_makeup
vSYYZ279.png,0,0,0,no_makeup,no_makeup,no_makeup
vSYYZ281.png,0,0,0,no_makeup,no_makeup,no_makeup
vSYYZ282.png,0,0,0,no_makeup,no_makeup,no_makeup
vSYYZ285.png,0,0,0,no_makeup,no_makeup,no_makeup
vSYYZ286.png,0,0,0,no_makeup,no_makeup,no_makeup
vSYYZ289.png,0,0,0,no_makeup,no_makeup,no_makeup
vSYYZ29.png,0,0,0,no_makeup,no_makeup,no_makeup
vSYYZ290.png,0,0,0,no_makeup,no_makeup,no_makeup
vSYYZ295.png,0,0,0,no_makeup,no_makeup,no_makeup
vSYYZ297.png,0,0,0,no_makeup,no_makeup,no_makeup
vSYYZ299.png,0,0,0,no_makeup,no_makeup,no_makeup
vSYYZ300.png,0,0,0,no_makeup,no_makeup,no_makeup
vSYYZ301.png,0,0,0,no_makeup,no_makeup,no_makeup
vSYYZ304.png,0,0,0,no_makeup,no_makeup,no_makeup
vSYYZ306.png,0,0,0,no_makeup,no_makeup,no_makeup
vSYYZ307.png,0,0,0,no_makeup,no_makeup,no_makeup
vSYYZ310.png,0,0,0,no_makeup,no_makeup,no_makeup
vSYYZ311.png,0,0,0,no_makeup,no_makeup,no_makeup
vSYYZ313.png,0,0,0,no_makeup,no_makeup,no_makeup
vSYYZ315.png,0,0,0,no_makeup,no_makeup,no_makeup
vSYYZ316.png,0,0,0,no_makeup,no_makeup,no_makeup
vSYYZ317.png,0,0,0,no_makeup,no_makeup,no_makeup
vSYYZ319.png,0,0,0,no_makeup,no_makeup,no_makeup
vSYYZ320.png,0,0,0,no_makeup,no_makeup,no_makeup
vSYYZ323.png,0,0,0,no_makeup,no_makeup,no_makeup
vSYYZ324.png,0,0,0,no_makeup,no_makeup,no_makeup
vSYYZ325.png,0,0,0,no_makeup,no_makeup,no_makeup
vSYYZ326.png,0,0,0,no_makeup,no_makeup,no_makeup
vSYYZ327.png,0,0,0,no_makeup,no_makeup,no_makeup
vSYYZ329.png,0,0,0,no_makeup,no_makeup,no_makeup
vSYYZ33.png,0,0,0,no_makeup,no_makeup,no_makeup
vSYYZ330.png,0,0,0,no_makeup,no_makeup,no_makeup
vSYYZ333.png,0,0,0,no_makeup,no_makeup,no_makeup
vSYYZ334.png,0,0,0,no_makeup,no_makeup,no_makeup
vSYYZ336.png,0,0,0,no_makeup,no_makeup,no_makeup
vSYYZ337.png,0,0,0,no_makeup,no_makeup,no_makeup
vSYYZ338.png,0,0,0,no_makeup,no_makeup,no_makeup
vSYYZ339.png,0,0,0,no_makeup,no_makeup,no_makeup
vSYYZ34.png,0,0,0,no_makeup,no_makeup,no_makeup
vSYYZ340.png,0,0,0,no_makeup,no_makeup,no_makeup
vSYYZ341.png,0,0,0,no_makeup,no_makeup,no_makeup
vSYYZ343.png,0,0,0,no_makeup,no_makeup,no_makeup
vSYYZ344.png,0,0,0,no_makeup,no_makeup,no_makeup
vSYYZ345.png,0,0,0,no_makeup,no_makeup,no_makeup
vSYYZ346.png,0,0,0,no_makeup,no_makeup,no_makeup
vSYYZ347.png,0,0,0,no_makeup,no_makeup,no_makeup
vSYYZ349.png,0,0,0,no_makeup,no_makeup,no_makeup
vSYYZ35.png,0,0,0,no_makeup,no_makeup,no_makeup
vSYYZ351.png,0,0,0,no_makeup,no_makeup,no_makeup
vSYYZ352.png,0,0,0,no_makeup,no_makeup,no_makeup
vSYYZ353.png,0,0,0,no_makeup,no_makeup,no_makeup
vSYYZ354.png,0,0,0,no_makeup,no_makeup,no_makeup
vSYYZ355.png,0,0,0,no_makeup,no_makeup,no_makeup
vSYYZ356.png,0,0,0,no_makeup,no_makeup,no_makeup
vSYYZ357.png,0,0,0,no_makeup,no_makeup,no_makeup
vSYYZ358.png,0,0,0,no_makeup,no_makeup,no_makeup
vSYYZ359.png,0,0,0,no_makeup,no_makeup,no_makeup
vSYYZ36.png,0,0,0,no_makeup,no_makeup,no_makeup
vSYYZ360.png,0,0,0,no_makeup,no_makeup,no_makeup
vSYYZ361.png,0,0,0,no_makeup,no_makeup,no_makeup
vSYYZ362.png,0,0,0,no_makeup,no_makeup,no_makeup
vSYYZ364.png,0,0,0,no_makeup,no_makeup,no_makeup
vSYYZ365.png,0,0,0,no_makeup,no_makeup,no_makeup
vSYYZ366.png,0,0,0,no_makeup,no_makeup,no_makeup
vSYYZ370.png,0,0,0,no_makeup,no_makeup,no_makeup
vSYYZ371.png,0,0,0,no_makeup,no_makeup,no_makeup
vSYYZ372.png,0,0,0,no_makeup,no_makeup,no_makeup
vSYYZ373.png,0,0,0,no_makeup,no_makeup,no_makeup
vSYYZ374.png,0,0,0,no_makeup,no_makeup,no_makeup
vSYYZ375.png,0,0,0,no_makeup,no_makeup,no_makeup
vSYYZ376.png,0,0,0,no_makeup,no_makeup,no_makeup
vSYYZ377.png,0,0,0,no_makeup,no_makeup,no_makeup
vSYYZ378.png,0,0,0,no_makeup,no_makeup,no_makeup
vSYYZ38.png,0,0,0,no_makeup,no_makeup,no_makeup
vSYYZ380.png,0,0,0,no_makeup,no_makeup,no_makeup
vSYYZ381.png,0,0,0,no_makeup,no_makeup,no_makeup
vSYYZ382.png,0,0,0,no_makeup,no_makeup,no_makeup
vSYYZ383.png,0,0,0,no_makeup,no_makeup,no_makeup
vSYYZ384.png,0,0,0,no_makeup,no_makeup,no_makeup
vSYYZ385.png,0,0,0,no_makeup,no_makeup,no_makeup
vSYYZ387.png,0,0,0,no_makeup,no_makeup,no_makeup
vSYYZ388.png,0,0,0,no_makeup,no_makeup,no_makeup
vSYYZ392.png,0,0,0,no_makeup,no_makeup,no_makeup
vSYYZ393.png,0,0,0,no_makeup,no_makeup,no_makeup
vSYYZ397.png,0,0,0,no_makeup,no_makeup,no_makeup
vSYYZ398.png,0,0,0,no_makeup,no_makeup,no_makeup
vSYYZ40.png,0,0,0,no_makeup,no_makeup,no_makeup
vSYYZ401.png,0,0,0,no_makeup,no_makeup,no_makeup
vSYYZ403.png,0,0,0,no_makeup,no_makeup,no_makeup
vSYYZ404.png,0,0,0,no_makeup,no_makeup,no_makeup
vSYYZ405.png,0,0,0,no_makeup,no_makeup,no_makeup
vSYYZ406.png,0,0,0,no_makeup,no_makeup,no_makeup
vSYYZ407.png,0,0,0,no_makeup,no_makeup,no_makeup
vSYYZ408.png,0,0,0,no_makeup,no_makeup,no_makeup
vSYYZ409.png,0,0,0,no_makeup,no_makeup,no_makeup
vSYYZ413.png,0,0,0,no_makeup,no_makeup,no_makeup
vSYYZ414.png,0,0,0,no_makeup,no_makeup,no_makeup
vSYYZ416.png,0,0,0,no_makeup,no_makeup,no_makeup
vSYYZ418.png,0,0,0,no_makeup,no_makeup,no_makeup
vSYYZ42.png,0,0,0,no_makeup,no_makeup,no_makeup
vSYYZ421.png,0,0,0,no_makeup,no_makeup,no_makeup
vSYYZ423.png,0,0,0,no_makeup,no_makeup,no_makeup
vSYYZ424.png,0,0,0,no_makeup,no_makeup,no_makeup
vSYYZ425.png,0,0,0,no_makeup,no_makeup,no_makeup
vSYYZ426.png,0,0,0,no_makeup,no_makeup,no_makeup
vSYYZ427.png,0,0,0,no_makeup,no_makeup,no_makeup
vSYYZ428.png,0,0,0,no_makeup,no_makeup,no_makeup
vSYYZ429.png,0,0,0,no_makeup,no_makeup,no_makeup
vSYYZ431.png,0,0,0,no_makeup,no_makeup,no_makeup
vSYYZ432.png,0,0,0,no_makeup,no_makeup,no_makeup
vSYYZ433.png,0,0,0,no_makeup,no_makeup,no_makeup
vSYYZ435.png,0,0,0,no_makeup,no_makeup,no_makeup
vSYYZ437.png,0,0,0,no_makeup,no_makeup,no_makeup
vSYYZ44.png,0,0,0,no_makeup,no_makeup,no_makeup
vSYYZ440.png,0,0,0,no_makeup,no_makeup,no_makeup
vSYYZ441.png,0,0,0,no_makeup,no_makeup,no_makeup
vSYYZ442.png,0,0,0,no_makeup,no_makeup,no_makeup
vSYYZ444.png,0,0,0,no_makeup,no_makeup,no_makeup
vSYYZ445.png,0,0,0,no_makeup,no_makeup,no_makeup
vSYYZ446.png,0,0,0,no_makeup,no_makeup,no_makeup
vSYYZ447.png,0,0,0,no_makeup,no_makeup,no_makeup
vSYYZ449.png,0,0,0,no_makeup,no_makeup,no_makeup
vSYYZ450.png,0,0,0,no_makeup,no_makeup,no_makeup
vSYYZ451.png,0,0,0,no_makeup,no_makeup,no_makeup
vSYYZ452.png,0,0,0,no_makeup,no_makeup,no_makeup
vSYYZ453.png,0,0,0,no_makeup,no_makeup,no_makeup
vSYYZ454.png,0,0,0,no_makeup,no_makeup,no_makeup
vSYYZ455.png,0,0,0,no_makeup,no_makeup,no_makeup
vSYYZ456.png,0,0,0,no_makeup,no_makeup,no_makeup
vSYYZ457.png,0,0,0,no_makeup,no_makeup,no_makeup
vSYYZ458.png,0,0,0,no_makeup,no_makeup,no_makeup
vSYYZ459.png,0,0,0,no_makeup,no_makeup,no_makeup
vSYYZ461.png,0,0,0,no_makeup,no_makeup,no_makeup
vSYYZ462.png,0,0,0,no_makeup,no_makeup,no_makeup
vSYYZ463.png,0,0,0,no_makeup,no_makeup,no_makeup
vSYYZ464.png,0,0,0,no_makeup,no_makeup,no_makeup
vSYYZ465.png,0,0,0,no_makeup,no_makeup,no_makeup
vSYYZ466.png,0,0,0,no_makeup,no_makeup,no_makeup
vSYYZ467.png,0,0,0,no_makeup,no_makeup,no_makeup
vSYYZ468.png,0,0,0,no_makeup,no_makeup,no_makeup
vSYYZ469.png,0,0,0,no_makeup,no_makeup,no_makeup
vSYYZ47.png,0,0,0,no_makeup,no_makeup,no_makeup
vSYYZ470.png,0,0,0,no_makeup,no_makeup,no_makeup
vSYYZ472.png,0,0,0,no_makeup,no_makeup,no_makeup
vSYYZ473.png,0,0,0,no_makeup,no_makeup,no_makeup
vSYYZ474.png,0,0,0,no_makeup,no_makeup,no_makeup
vSYYZ476.png,0,0,0,no_makeup,no_makeup,no_makeup
vSYYZ478.png,0,0,0,no_makeup,no_makeup,no_makeup
vSYYZ479.png,0,0,0,no_makeup,no_makeup,no_makeup
vSYYZ48.png,0,0,0,no_makeup,no_makeup,no_makeup
vSYYZ480.png,0,0,0,no_makeup,no_makeup,no_makeup
vSYYZ482.png,0,0,0,no_makeup,no_makeup,no_makeup
vSYYZ483.png,0,0,0,no_makeup,no_makeup,no_makeup
vSYYZ484.png,0,0,0,no_makeup,no_makeup,no_makeup
vSYYZ485.png,0,0,0,no_makeup,no_makeup,no_makeup
vSYYZ486.png,0,0,0,no_makeup,no_makeup,no_makeup
vSYYZ489.png,0,0,0,no_makeup,no_makeup,no_makeup
vSYYZ49.png,0,0,0,no_makeup,no_makeup,no_makeup
vSYYZ490.png,0,0,0,no_makeup,no_makeup,no_makeup
vSYYZ491.png,0,0,0,no_makeup,no_makeup,no_makeup
vSYYZ494.png,0,0,0,no_makeup,no_makeup,no_makeup
vSYYZ495.png,0,0,0,no_makeup,no_makeup,no_makeup
vSYYZ496.png,0,0,0,no_makeup,no_makeup,no_makeup
vSYYZ497.png,0,0,0,no_makeup,no_makeup,no_makeup
vSYYZ498.png,0,0,0,no_makeup,no_makeup,no_makeup
vSYYZ501.png,0,0,0,no_makeup,no_makeup,no_makeup
vSYYZ502.png,0,0,0,no_makeup,no_makeup,no_makeup
vSYYZ503.png,0,0,0,no_makeup,no_makeup,no_makeup
vSYYZ504.png,0,0,0,no_makeup,no_makeup,no_makeup
vSYYZ507.png,0,0,0,no_makeup,no_makeup,no_makeup
vSYYZ508.png,0,0,0,no_makeup,no_makeup,no_makeup
vSYYZ509.png,0,0,0,no_makeup,no_makeup,no_makeup
vSYYZ51.png,0,0,0,no_makeup,no_makeup,no_makeup
vSYYZ510.png,0,0,0,no_makeup,no_makeup,no_makeup
vSYYZ511.png,0,0,0,no_makeup,no_makeup,no_makeup
vSYYZ513.png,0,0,0,no_makeup,no_makeup,no_makeup
vSYYZ514.png,0,0,0,no_makeup,no_makeup,no_makeup
vSYYZ515.png,0,0,0,no_makeup,no_makeup,no_makeup
vSYYZ52.png,0,0,0,no_makeup,no_makeup,no_makeup
vSYYZ520.png,0,0,0,no_makeup,no_makeup,no_makeup
vSYYZ521.png,0,0,0,no_makeup,no_makeup,no_makeup
vSYYZ522.png,0,0,0,no_makeup,no_makeup,no_makeup
vSYYZ523.png,0,0,0,no_makeup,no_makeup,no_makeup
vSYYZ524.png,0,0,0,no_makeup,no_makeup,no_makeup
vSYYZ528.png,0,0,0,no_makeup,no_makeup,no_makeup
vSYYZ53.png,0,0,0,no_makeup,no_makeup,no_makeup
vSYYZ530.png,0,0,0,no_makeup,no_makeup,no_makeup
vSYYZ533.png,0,0,0,no_makeup,no_makeup,no_makeup
vSYYZ534.png,0,0,0,no_makeup,no_makeup,no_makeup
vSYYZ535.png,0,0,0,no_makeup,no_makeup,no_makeup
vSYYZ536.png,0,0,0,no_makeup,no_makeup,no_makeup
vSYYZ538.png,0,0,0,no_makeup,no_makeup,no_makeup
vSYYZ540.png,0,0,0,no_makeup,no_makeup,no_makeup
vSYYZ541.png,0,0,0,no_makeup,no_makeup,no_makeup
vSYYZ542.png,0,0,0,no_makeup,no_makeup,no_makeup
vSYYZ543.png,0,0,0,no_makeup,no_makeup,no_makeup
vSYYZ544.png,0,0,0,no_makeup,no_makeup,no_makeup
vSYYZ545.png,0,0,0,no_makeup,no_makeup,no_makeup
vSYYZ546.png,0,0,0,no_makeup,no_makeup,no_makeup
vSYYZ547.png,0,0,0,no_makeup,no_makeup,no_makeup
vSYYZ548.png,0,0,0,no_makeup,no_makeup,no_makeup
vSYYZ55.png,0,0,0,no_makeup,no_makeup,no_makeup
vSYYZ551.png,0,0,0,no_makeup,no_makeup,no_makeup
vSYYZ553.png,0,0,0,no_makeup,no_makeup,no_makeup
vSYYZ554.png,0,0,0,no_makeup,no_makeup,no_makeup
vSYYZ555.png,0,0,0,no_makeup,no_makeup,no_makeup
vSYYZ557.png,0,0,0,no_makeup,no_makeup,no_makeup
vSYYZ558.png,0,0,0,no_makeup,no_makeup,no_makeup
vSYYZ559.png,0,0,0,no_makeup,no_makeup,no_makeup
vSYYZ56.png,0,0,0,no_makeup,no_makeup,no_makeup
vSYYZ561.png,0,0,0,no_makeup,no_makeup,no_makeup
vSYYZ562.png,0,0,0,no_makeup,no_makeup,no_makeup
vSYYZ563.png,0,0,0,no_makeup,no_makeup,no_makeup
vSYYZ564.png,0,0,0,no_makeup,no_makeup,no_makeup
vSYYZ565.png,0,0,0,no_makeup,no_makeup,no_makeup
vSYYZ566.png,0,0,0,no_makeup,no_makeup,no_makeup
vSYYZ57.png,0,0,0,no_makeup,no_makeup,no_makeup
vSYYZ571.png,0,0,0,no_makeup,no_makeup,no_makeup
vSYYZ572.png,0,0,0,no_makeup,no_makeup,no_makeup
vSYYZ573.png,0,0,0,no_makeup,no_makeup,no_makeup
vSYYZ574.png,0,0,0,no_makeup,no_makeup,no_makeup
vSYYZ575.png,0,0,0,no_makeup,no_makeup,no_makeup
vSYYZ578.png,0,0,0,no_makeup,no_makeup,no_makeup
vSYYZ580.png,0,0,0,no_makeup,no_makeup,no_makeup
vSYYZ581.png,0,0,0,no_makeup,no_makeup,no_makeup
vSYYZ585.png,0,0,0,no_makeup,no_makeup,no_makeup
vSYYZ586.png,0,0,0,no_makeup,no_makeup,no_makeup
vSYYZ587.png,0,0,0,no_makeup,no_makeup,no_makeup
vSYYZ588.png,0,0,0,no_makeup,no_makeup,no_makeup
vSYYZ590.png,0,0,0,no_makeup,no_makeup,no_makeup
vSYYZ591.png,0,0,0,no_makeup,no_makeup,no_makeup
vSYYZ592.png,0,0,0,no_makeup,no_makeup,no_makeup
vSYYZ595.png,0,0,0,no_makeup,no_makeup,no_makeup
vSYYZ598.png,0,0,0,no_makeup,no_makeup,no_makeup
vSYYZ599.png,0,0,0,no_makeup,no_makeup,no_makeup
vSYYZ60.png,0,0,0,no_makeup,no_makeup,no_makeup
vSYYZ600.png,0,0,0,no_makeup,no_makeup,no_makeup
vSYYZ601.png,0,0,0,no_makeup,no_makeup,no_makeup
vSYYZ602.png,0,0,0,no_makeup,no_makeup,no_makeup
vSYYZ603.png,0,0,0,no_makeup,no_makeup,no_makeup
vSYYZ604.png,0,0,0,no_makeup,no_makeup,no_makeup
vSYYZ606.png,0,0,0,no_makeup,no_makeup,no_makeup
vSYYZ607.png,0,0,0,no_makeup,no_makeup,no_makeup
vSYYZ608.png,0,0,0,no_makeup,no_makeup,no_makeup
vSYYZ609.png,0,0,0,no_makeup,no_makeup,no_makeup
vSYYZ61.png,0,0,0,no_makeup,no_makeup,no_makeup
vSYYZ611.png,0,0,0,no_makeup,no_makeup,no_makeup
vSYYZ612.png,0,0,0,no_makeup,no_makeup,no_makeup
vSYYZ614.png,0,0,0,no_makeup,no_makeup,no_makeup
vSYYZ615.png,0,0,0,no_makeup,no_makeup,no_makeup
vSYYZ616.png,0,0,0,no_makeup,no_makeup,no_makeup
vSYYZ617.png,0,0,0,no_makeup,no_makeup,no_makeup
vSYYZ618.png,0,0,0,no_makeup,no_makeup,no_makeup
vSYYZ62.png,0,0,0,no_makeup,no_makeup,no_makeup
vSYYZ620.png,0,0,0,no_makeup,no_makeup,no_makeup
vSYYZ621.png,0,0,0,no_makeup,no_makeup,no_makeup
vSYYZ623.png,0,0,0,no_makeup,no_makeup,no_makeup
vSYYZ624.png,0,0,0,no_makeup,no_makeup,no_makeup
vSYYZ625.png,0,0,0,no_makeup,no_makeup,no_makeup
vSYYZ626.png,0,0,0,no_makeup,no_makeup,no_makeup
vSYYZ628.png,0,0,0,no_makeup,no_makeup,no_makeup
vSYYZ629.png,0,0,0,no_makeup,no_makeup,no_makeup
vSYYZ63.png,0,0,0,no_makeup,no_makeup,no_makeup
vSYYZ630.png,0,0,0,no_makeup,no_makeup,no_makeup
vSYYZ631.png,0,0,0,no_makeup,no_makeup,no_makeup
vSYYZ632.png,0,0,0,no_makeup,no_makeup,no_makeup
vSYYZ634.png,0,0,0,no_makeup,no_makeup,no_makeup
vSYYZ635.png,0,0,0,no_makeup,no_makeup,no_makeup
vSYYZ636.png,0,0,0,no_makeup,no_makeup,no_makeup
vSYYZ638.png,0,0,0,no_makeup,no_makeup,no_makeup
vSYYZ639.png,0,0,0,no_makeup,no_makeup,no_makeup
vSYYZ64.png,0,0,0,no_makeup,no_makeup,no_makeup
vSYYZ641.png,0,0,0,no_makeup,no_makeup,no_makeup
vSYYZ642.png,0,0,0,no_makeup,no_makeup,no_makeup
vSYYZ643.png,0,0,0,no_makeup,no_makeup,no_makeup
vSYYZ644.png,0,0,0,no_makeup,no_makeup,no_makeup
vSYYZ645.png,0,0,0,no_makeup,no_makeup,no_makeup
vSYYZ646.png,0,0,0,no_makeup,no_makeup,no_makeup
vSYYZ647.png,0,0,0,no_makeup,no_makeup,no_makeup
vSYYZ650.png,0,0,0,no_makeup,no_makeup,no_makeup
vSYYZ651.png,0,0,0,no_makeup,no_makeup,no_makeup
vSYYZ653.png,0,0,0,no_makeup,no_makeup,no_makeup
vSYYZ655.png,0,0,0,no_makeup,no_makeup,no_makeup
vSYYZ656.png,0,0,0,no_makeup,no_makeup,no_makeup
vSYYZ657.png,0,0,0,no_makeup,no_makeup,no_makeup
vSYYZ659.png,0,0,0,no_makeup,no_makeup,no_makeup
vSYYZ66.png,0,0,0,no_makeup,no_makeup,no_makeup
vSYYZ660.png,0,0,0,no_makeup,no_makeup,no_makeup
vSYYZ661.png,0,0,0,no_makeup,no_makeup,no_makeup
vSYYZ662.png,0,0,0,no_makeup,no_makeup,no_makeup
vSYYZ663.png,0,0,0,no_makeup,no_makeup,no_makeup
vSYYZ664.png,0,0,0,no_makeup,no_makeup,no_makeup
vSYYZ665.png,0,0,0,no_makeup,no_makeup,no_makeup
vSYYZ666.png,0,0,0,no_makeup,no_makeup,no_makeup
vSYYZ668.png,0,0,0,no_makeup,no_makeup,no_makeup
vSYYZ669.png,0,0,0,no_makeup,no_makeup,no_makeup
vSYYZ670.png,0,0,0,no_makeup,no_makeup,no_makeup
vSYYZ672.png,0,0,0,no_makeup,no_makeup,no_makeup
vSYYZ673.png,0,0,0,no_makeup,no_makeup,no_makeup
vSYYZ676.png,0,0,0,no_makeup,no_makeup,no_makeup
vSYYZ678.png,0,0,0,no_makeup,no_makeup,no_makeup
vSYYZ679.png,0,0,0,no_makeup,no_makeup,no_makeup
vSYYZ68.png,0,0,0,no_makeup,no_makeup,no_makeup
vSYYZ680.png,0,0,0,no_makeup,no_makeup,no_makeup
vSYYZ681.png,0,0,0,no_makeup,no_makeup,no_makeup
vSYYZ682.png,0,0,0,no_makeup,no_makeup,no_makeup
vSYYZ683.png,0,0,0,no_makeup,no_makeup,no_makeup
vSYYZ684.png,0,0,0,no_makeup,no_makeup,no_makeup
vSYYZ685.png,0,0,0,no_makeup,no_makeup,no_makeup
vSYYZ686.png,0,0,0,no_makeup,no_makeup,no_makeup
vSYYZ687.png,0,0,0,no_makeup,no_makeup,no_makeup
vSYYZ689.png,0,0,0,no_makeup,no_makeup,no_makeup
vSYYZ69.png,0,0,0,no_makeup,no_makeup,no_makeup
vSYYZ690.png,0,0,0,no_makeup,no_makeup,no_makeup
vSYYZ692.png,0,0,0,no_makeup,no_makeup,no_makeup
vSYYZ694.png,0,0,0,no_makeup,no_makeup,no_makeup
vSYYZ695.png,0,0,0,no_makeup,no_makeup,no_makeup
vSYYZ697.png,0,0,0,no_makeup,no_makeup,no_makeup
vSYYZ699.png,0,0,0,no_makeup,no_makeup,no_makeup
vSYYZ70.png,0,0,0,no_makeup,no_makeup,no_makeup
vSYYZ702.png,0,0,0,no_makeup,no_makeup,no_makeup
vSYYZ703.png,0,0,0,no_makeup,no_makeup,no_makeup
vSYYZ705.png,0,0,0,no_makeup,no_makeup,no_makeup
vSYYZ706.png,0,0,0,no_makeup,no_makeup,no_makeup
vSYYZ707.png,0,0,0,no_makeup,no_makeup,no_makeup
vSYYZ708.png,0,0,0,no_makeup,no_makeup,no_makeup
vSYYZ709.png,0,0,0,no_makeup,no_makeup,no_makeup
vSYYZ71.png,0,0,0,no_makeup,no_makeup,no_makeup
vSYYZ710.png,0,0,0,no_makeup,no_makeup,no_makeup
vSYYZ711.png,0,0,0,no_makeup,no_makeup,no_makeup
vSYYZ713.png,0,0,0,no_makeup,no_makeup,no_makeup
vSYYZ714.png,0,0,0,no_makeup,no_makeup,no_makeup
vSYYZ715.png,0,0,0,no_makeup,no_makeup,no_makeup
vSYYZ716.png,0,0,0,no_makeup,no_makeup,no_makeup
vSYYZ717.png,0,0,0,no_makeup,no_makeup,no_makeup
vSYYZ718.png,0,0,0,no_makeup,no_makeup,no_makeup
vSYYZ720.png,0,0,0,no_makeup,no_makeup,no_makeup
vSYYZ721.png,0,0,0,no_makeup,no_makeup,no_makeup
vSYYZ722.png,0,0,0,no_makeup,no_makeup,no_makeup
vSYYZ723.png,0,0,0,no_makeup,no_makeup,no_makeup
vSYYZ726.png,0,0,0,no_makeup,no_makeup,no_makeup
vSYYZ728.png,0,0,0,no_makeup,no_makeup,no_makeup
vSYYZ730.png,0,0,0,no_makeup,no_makeup,no_makeup
vSYYZ731.png,0,0,0,no_makeup,no_makeup,no_makeup
vSYYZ732.png,0,0,0,no_makeup,no_makeup,no_makeup
vSYYZ733.png,0,0,0,no_makeup,no_makeup,no_makeup
vSYYZ735.png,0,0,0,no_makeup,no_makeup,no_makeup
vSYYZ736.png,0,0,0,no_makeup,no_makeup,no_makeup
vSYYZ737.png,0,0,0,no_makeup,no_makeup,no_makeup
vSYYZ739.png,0,0,0,no_makeup,no_makeup,no_makeup
vSYYZ74.png,0,0,0,no_makeup,no_makeup,no_makeup
vSYYZ741.png,0,0,0,no_makeup,no_makeup,no_makeup
vSYYZ744.png,0,0,0,no_makeup,no_makeup,no_makeup
vSYYZ745.png,0,0,0,no_makeup,no_makeup,no_makeup
vSYYZ746.png,0,0,0,no_makeup,no_makeup,no_makeup
vSYYZ747.png,0,0,0,no_makeup,no_makeup,no_makeup
vSYYZ748.png,0,0,0,no_makeup,no_makeup,no_makeup
vSYYZ75.png,0,0,0,no_makeup,no_makeup,no_makeup
vSYYZ751.png,0,0,0,no_makeup,no_makeup,no_makeup
vSYYZ753.png,0,0,0,no_makeup,no_makeup,no_makeup
vSYYZ754.png,0,0,0,no_makeup,no_makeup,no_makeup
vSYYZ755.png,0,0,0,no_makeup,no_makeup,no_makeup
vSYYZ756.png,0,0,0,no_makeup,no_makeup,no_makeup
vSYYZ757.png,0,0,0,no_makeup,no_makeup,no_makeup
vSYYZ758.png,0,0,0,no_makeup,no_makeup,no_makeup
vSYYZ759.png,0,0,0,no_makeup,no_makeup,no_makeup
vSYYZ76.png,0,0,0,no_makeup,no_makeup,no_makeup
vSYYZ760.png,0,0,0,no_makeup,no_makeup,no_makeup
vSYYZ761.png,0,0,0,no_makeup,no_makeup,no_makeup
vSYYZ762.png,0,0,0,no_makeup,no_makeup,no_makeup
vSYYZ763.png,0,0,0,no_makeup,no_makeup,no_makeup
vSYYZ764.png,0,0,0,no_makeup,no_makeup,no_makeup
vSYYZ765.png,0,0,0,no_makeup,no_makeup,no_makeup
vSYYZ767.png,0,0,0,no_makeup,no_makeup,no_makeup
vSYYZ768.png,0,0,0,no_makeup,no_makeup,no_makeup
vSYYZ769.png,0,0,0,no_makeup,no_makeup,no_makeup
vSYYZ77.png,0,0,0,no_makeup,no_makeup,no_makeup
vSYYZ770.png,0,0,0,no_makeup,no_makeup,no_makeup
vSYYZ771.png,0,0,0,no_makeup,no_makeup,no_makeup
vSYYZ773.png,0,0,0,no_makeup,no_makeup,no_makeup
vSYYZ774.png,0,0,0,no_makeup,no_makeup,no_makeup
vSYYZ775.png,0,0,0,no_makeup,no_makeup,no_makeup
vSYYZ776.png,0,0,0,no_makeup,no_makeup,no_makeup
vSYYZ777.png,0,0,0,no_makeup,no_makeup,no_makeup
vSYYZ779.png,0,0,0,no_makeup,no_makeup,no_makeup
vSYYZ780.png,0,0,0,no_makeup,no_makeup,no_makeup
vSYYZ781.png,0,0,0,no_makeup,no_makeup,no_makeup
vSYYZ782.png,0,0,0,no_makeup,no_makeup,no_makeup
vSYYZ783.png,0,0,0,no_makeup,no_makeup,no_makeup
vSYYZ784.png,0,0,0,no_makeup,no_makeup,no_makeup
vSYYZ789.png,0,0,0,no_makeup,no_makeup,no_makeup
vSYYZ790.png,0,0,0,no_makeup,no_makeup,no_makeup
vSYYZ794.png,0,0,0,no_makeup,no_makeup,no_makeup
vSYYZ795.png,0,0,0,no_makeup,no_makeup,no_makeup
vSYYZ796.png,0,0,0,no_makeup,no_makeup,no_makeup
vSYYZ797.png,0,0,0,no_makeup,no_makeup,no_makeup
vSYYZ798.png,0,0,0,no_makeup,no_makeup,no_makeup
vSYYZ799.png,0,0,0,no_makeup,no_makeup,no_makeup
vSYYZ80.png,0,0,0,no_makeup,no_makeup,no_makeup
vSYYZ800.png,0,0,0,no_makeup,no_makeup,no_makeup
vSYYZ801.png,0,0,0,no_makeup,no_makeup,no_makeup
vSYYZ803.png,0,0,0,no_makeup,no_makeup,no_makeup
vSYYZ805.png,0,0,0,no_makeup,no_makeup,no_makeup
vSYYZ806.png,0,0,0,no_makeup,no_makeup,no_makeup
vSYYZ807.png,0,0,0,no_makeup,no_makeup,no_makeup
vSYYZ809.png,0,0,0,no_makeup,no_makeup,no_makeup
vSYYZ81.png,0,0,0,no_makeup,no_makeup,no_makeup
vSYYZ810.png,0,0,0,no_makeup,no_makeup,no_makeup
vSYYZ811.png,0,0,0,no_makeup,no_makeup,no_makeup
vSYYZ813.png,0,0,0,no_makeup,no_makeup,no_makeup
vSYYZ815.png,0,0,0,no_makeup,no_makeup,no_makeup
vSYYZ816.png,0,0,0,no_makeup,no_makeup,no_makeup
vSYYZ817.png,0,0,0,no_makeup,no_makeup,no_makeup
vSYYZ819.png,0,0,0,no_makeup,no_makeup,no_makeup
vSYYZ82.png,0,0,0,no_makeup,no_makeup,no_makeup
vSYYZ820.png,0,0,0,no_makeup,no_makeup,no_makeup
vSYYZ821.png,0,0,0,no_makeup,no_makeup,no_makeup
vSYYZ822.png,0,0,0,no_makeup,no_makeup,no_makeup
vSYYZ824.png,0,0,0,no_makeup,no_makeup,no_makeup
vSYYZ825.png,0,0,0,no_makeup,no_makeup,no_makeup
vSYYZ827.png,0,0,0,no_makeup,no_makeup,no_makeup
vSYYZ83.png,0,0,0,no_makeup,no_makeup,no_makeup
vSYYZ830.png,0,0,0,no_makeup,no_makeup,no_makeup
vSYYZ832.png,0,0,0,no_makeup,no_makeup,no_makeup
vSYYZ833.png,0,0,0,no_makeup,no_makeup,no_makeup
vSYYZ834.png,0,0,0,no_makeup,no_makeup,no_makeup
vSYYZ835.png,0,0,0,no_makeup,no_makeup,no_makeup
vSYYZ836.png,0,0,0,no_makeup,no_makeup,no_makeup
vSYYZ837.png,0,0,0,no_makeup,no_makeup,no_makeup
vSYYZ838.png,0,0,0,no_makeup,no_makeup,no_makeup
vSYYZ839.png,0,0,0,no_makeup,no_makeup,no_makeup
vSYYZ84.png,0,0,0,no_makeup,no_makeup,no_makeup
vSYYZ840.png,0,0,0,no_makeup,no_makeup,no_makeup
vSYYZ841.png,0,0,0,no_makeup,no_makeup,no_makeup
vSYYZ842.png,0,0,0,no_makeup,no_makeup,no_makeup
vSYYZ846.png,0,0,0,no_makeup,no_makeup,no_makeup
vSYYZ85.png,0,0,0,no_makeup,no_makeup,no_makeup
vSYYZ850.png,0,0,0,no_makeup,no_makeup,no_makeup
vSYYZ851.png,0,0,0,no_makeup,no_makeup,no_makeup
vSYYZ852.png,0,0,0,no_makeup,no_makeup,no_makeup
vSYYZ853.png,0,0,0,no_makeup,no_makeup,no_makeup
vSYYZ854.png,0,0,0,no_makeup,no_makeup,no_makeup
vSYYZ855.png,0,0,0,no_makeup,no_makeup,no_makeup
vSYYZ856.png,0,0,0,no_makeup,no_makeup,no_makeup
vSYYZ858.png,0,0,0,no_makeup,no_makeup,no_makeup
vSYYZ859.png,0,0,0,no_makeup,no_makeup,no_makeup
vSYYZ86.png,0,0,0,no_makeup,no_makeup,no_makeup
vSYYZ860.png,0,0,0,no_makeup,no_makeup,no_makeup
vSYYZ861.png,0,0,0,no_makeup,no_makeup,no_makeup
vSYYZ862.png,0,0,0,no_makeup,no_makeup,no_makeup
vSYYZ863.png,0,0,0,no_makeup,no_makeup,no_makeup
vSYYZ864.png,0,0,0,no_makeup,no_makeup,no_makeup
vSYYZ866.png,0,0,0,no_makeup,no_makeup,no_makeup
vSYYZ867.png,0,0,0,no_makeup,no_makeup,no_makeup
vSYYZ868.png,0,0,0,no_makeup,no_makeup,no_makeup
vSYYZ87.png,0,0,0,no_makeup,no_makeup,no_makeup
vSYYZ870.png,0,0,0,no_makeup,no_makeup,no_makeup
vSYYZ871.png,0,0,0,no_makeup,no_makeup,no_makeup
vSYYZ872.png,0,0,0,no_makeup,no_makeup,no_makeup
vSYYZ873.png,0,0,0,no_makeup,no_makeup,no_makeup
vSYYZ874.png,0,0,0,no_makeup,no_makeup,no_makeup
vSYYZ875.png,0,0,0,no_makeup,no_makeup,no_makeup
vSYYZ876.png,0,0,0,no_makeup,no_makeup,no_makeup
vSYYZ877.png,0,0,0,no_makeup,no_makeup,no_makeup
vSYYZ878.png,0,0,0,no_makeup,no_makeup,no_makeup
vSYYZ879.png,0,0,0,no_makeup,no_makeup,no_makeup
vSYYZ88.png,0,0,0,no_makeup,no_makeup,no_makeup
vSYYZ880.png,0,0,0,no_makeup,no_makeup,no_makeup
vSYYZ881.png,0,0,0,no_makeup,no_makeup,no_makeup
vSYYZ882.png,0,0,0,no_makeup,no_makeup,no_makeup
vSYYZ883.png,0,0,0,no_makeup,no_makeup,no_makeup
vSYYZ884.png,0,0,0,no_makeup,no_makeup,no_makeup
vSYYZ885.png,0,0,0,no_makeup,no_makeup,no_makeup
vSYYZ889.png,0,0,0,no_makeup,no_makeup,no_makeup
vSYYZ89.png,0,0,0,no_makeup,no_makeup,no_makeup
vSYYZ890.png,0,0,0,no_makeup,no_makeup,no_makeup
vSYYZ895.png,0,0,0,no_makeup,no_makeup,no_makeup
vSYYZ896.png,0,0,0,no_makeup,no_makeup,no_makeup
vSYYZ90.png,0,0,0,no_makeup,no_makeup,no_makeup
vSYYZ900.png,0,0,0,no_makeup,no_makeup,no_makeup
vSYYZ902.png,0,0,0,no_makeup,no_makeup,no_makeup
vSYYZ903.png,0,0,0,no_makeup,no_makeup,no_makeup
vSYYZ904.png,0,0,0,no_makeup,no_makeup,no_makeup
vSYYZ905.png,0,0,0,no_makeup,no_makeup,no_makeup
vSYYZ906.png,0,0,0,no_makeup,no_makeup,no_makeup
vSYYZ907.png,0,0,0,no_makeup,no_makeup,no_makeup
vSYYZ909.png,0,0,0,no_makeup,no_makeup,no_makeup
vSYYZ910.png,0,0,0,no_makeup,no_makeup,no_makeup
vSYYZ911.png,0,0,0,no_makeup,no_makeup,no_makeup
vSYYZ912.png,0,0,0,no_makeup,no_makeup,no_makeup
vSYYZ913.png,0,0,0,no_makeup,no_makeup,no_makeup
vSYYZ914.png,0,0,0,no_makeup,no_makeup,no_makeup
vSYYZ915.png,0,0,0,no_makeup,no_makeup,no_makeup
vSYYZ916.png,0,0,0,no_makeup,no_makeup,no_makeup
vSYYZ917.png,0,0,0,no_makeup,no_makeup,no_makeup
vSYYZ918.png,0,0,0,no_makeup,no_makeup,no_makeup
vSYYZ920.png,0,0,0,no_makeup,no_makeup,no_makeup
vSYYZ921.png,0,0,0,no_makeup,no_makeup,no_makeup
vSYYZ922.png,0,0,0,no_makeup,no_makeup,no_makeup
vSYYZ923.png,0,0,0,no_makeup,no_makeup,no_makeup
vSYYZ924.png,0,0,0,no_makeup,no_makeup,no_makeup
vSYYZ925.png,0,0,0,no_makeup,no_makeup,no_makeup
vSYYZ928.png,0,0,0,no_makeup,no_makeup,no_makeup
vSYYZ929.png,0,0,0,no_makeup,no_makeup,no_makeup
vSYYZ93.png,0,0,0,no_makeup,no_makeup,no_makeup
vSYYZ930.png,0,0,0,no_makeup,no_makeup,no_makeup
vSYYZ932.png,0,0,0,no_makeup,no_makeup,no_makeup
vSYYZ933.png,0,0,0,no_makeup,no_makeup,no_makeup
vSYYZ935.png,0,0,0,no_makeup,no_makeup,no_makeup
vSYYZ94.png,0,0,0,no_makeup,no_makeup,no_makeup
vSYYZ941.png,0,0,0,no_makeup,no_makeup,no_makeup
vSYYZ942.png,0,0,0,no_makeup,no_makeup,no_makeup
vSYYZ943.png,0,0,0,no_makeup,no_makeup,no_makeup
vSYYZ944.png,0,0,0,no_makeup,no_makeup,no_makeup
vSYYZ945.png,0,0,0,no_makeup,no_makeup,no_makeup
vSYYZ946.png,0,0,0,no_makeup,no_makeup,no_makeup
vSYYZ947.png,0,0,0,no_makeup,no_makeup,no_makeup
vSYYZ949.png,0,0,0,no_makeup,no_makeup,no_makeup
vSYYZ95.png,0,0,0,no_makeup,no_makeup,no_makeup
vSYYZ950.png,0,0,0,no_makeup,no_makeup,no_makeup
vSYYZ953.png,0,0,0,no_makeup,no_makeup,no_makeup
vSYYZ954.png,0,0,0,no_makeup,no_makeup,no_makeup
vSYYZ956.png,0,0,0,no_makeup,no_makeup,no_makeup
vSYYZ957.png,0,0,0,no_makeup,no_makeup,no_makeup
vSYYZ958.png,0,0,0,no_makeup,no_makeup,no_makeup
vSYYZ96.png,0,0,0,no_makeup,no_makeup,no_makeup
vSYYZ98.png,0,0,0,no_makeup,no_makeup,no_makeup
xfsy_0002.png,0,0,0,no_makeup,no_makeup,no_makeup
xfsy_0004.png,0,0,0,no_makeup,no_makeup,no_makeup
xfsy_0005.png,0,0,0,no_makeup,no_makeup,no_makeup
xfsy_0006.png,0,0,0,no_makeup,no_makeup,no_makeup
xfsy_0007.png,0,0,0,no_makeup,no_makeup,no_makeup
xfsy_0008.png,0,0,0,no_makeup,no_makeup,no_makeup
xfsy_0009.png,0,0,0,no_makeup,no_makeup,no_makeup
xfsy_0011.png,0,0,0,no_makeup,no_makeup,no_makeup
xfsy_0012.png,0,0,0,no_makeup,no_makeup,no_makeup
xfsy_0013.png,0,0,0,no_makeup,no_makeup,no_makeup
xfsy_0015.png,0,0,0,no_makeup,no_makeup,no_makeup
xfsy_0016.png,0,0,0,no_makeup,no_makeup,no_makeup
xfsy_0017.png,0,0,0,no_makeup,no_makeup,no_makeup
xfsy_0019.png,0,0,0,no_makeup,no_makeup,no_makeup
xfsy_0020.png,0,0,0,no_makeup,no_makeup,no_makeup
xfsy_0022.png,0,0,0,no_makeup,no_makeup,no_makeup
xfsy_0023.png,0,0,0,no_makeup,no_makeup,no_makeup
xfsy_0024.png,0,0,0,no_makeup,no_makeup,no_makeup
xfsy_0025.png,0,0,0,no_makeup,no_makeup,no_makeup
xfsy_0026.png,0,0,0,no_makeup,no_makeup,no_makeup
xfsy_0027.png,0,0,0,no_makeup,no_makeup,no_makeup
xfsy_0029.png,0,0,0,no_makeup,no_makeup,no_makeup
xfsy_0030.png,0,0,0,no_makeup,no_makeup,no_makeup
xfsy_0031.png,0,0,0,no_makeup,no_makeup,no_makeup
xfsy_0032.png,0,0,0,no_makeup,no_makeup,no_makeup
xfsy_0033.png,0,0,0,no_makeup,no_makeup,no_makeup
xfsy_0034.png,0,0,0,no_makeup,no_makeup,no_makeup
xfsy_0035.png,0,0,0,no_makeup,no_makeup,no_makeup
xfsy_0036.png,0,0,0,no_makeup,no_makeup,no_makeup
xfsy_0037.png,0,0,0,no_makeup,no_makeup,no_makeup
xfsy_0038.png,0,0,0,no_makeup,no_makeup,no_makeup
xfsy_0039.png,0,0,0,no_makeup,no_makeup,no_makeup
xfsy_0040.png,0,0,0,no_makeup,no_makeup,no_makeup
xfsy_0041.png,0,0,0,no_makeup,no_makeup,no_makeup
xfsy_0042.png,0,0,0,no_makeup,no_makeup,no_makeup
xfsy_0044.png,0,0,0,no_makeup,no_makeup,no_makeup
xfsy_0045.png,0,0,0,no_makeup,no_makeup,no_makeup
xfsy_0047.png,0,0,0,no_makeup,no_makeup,no_makeup
xfsy_0048.png,0,0,0,no_makeup,no_makeup,no_makeup
xfsy_0049.png,0,0,0,no_makeup,no_makeup,no_makeup
xfsy_0051.png,0,0,0,no_makeup,no_makeup,no_makeup
xfsy_0052.png,0,0,0,no_makeup,no_makeup,no_makeup
xfsy_0054.png,0,0,0,no_makeup,no_makeup,no_makeup
xfsy_0055.png,0,0,0,no_makeup,no_makeup,no_makeup
xfsy_0057.png,0,0,0,no_makeup,no_makeup,no_makeup
xfsy_0058.png,0,0,0,no_makeup,no_makeup,no_makeup
xfsy_0059.png,0,0,0,no_makeup,no_makeup,no_makeup
xfsy_0060.png,0,0,0,no_makeup,no_makeup,no_makeup
xfsy_0061.png,0,0,0,no_makeup,no_makeup,no_makeup
xfsy_0062.png,0,0,0,no_makeup,no_makeup,no_makeup
xfsy_0063.png,0,0,0,no_makeup,no_makeup,no_makeup
xfsy_0067.png,0,0,0,no_makeup,no_makeup,no_makeup
xfsy_0068.png,0,0,0,no_makeup,no_makeup,no_makeup
xfsy_0069.png,0,0,0,no_makeup,no_makeup,no_makeup
xfsy_0070.png,0,0,0,no_makeup,no_makeup,no_makeup
xfsy_0071.png,0,0,0,no_makeup,no_makeup,no_makeup
xfsy_0072.png,0,0,0,no_makeup,no_makeup,no_makeup
xfsy_0073.png,0,0,0,no_makeup,no_makeup,no_makeup
xfsy_0074.png,0,0,0,no_makeup,no_makeup,no_makeup
xfsy_0076.png,0,0,0,no_makeup,no_makeup,no_makeup
xfsy_0077.png,0,0,0,no_makeup,no_makeup,no_makeup
xfsy_0078.png,0,0,0,no_makeup,no_makeup,no_makeup
xfsy_0083.png,0,0,0,no_makeup,no_makeup,no_makeup
xfsy_0084.png,0,0,0,no_makeup,no_makeup,no_makeup
xfsy_0085.png,0,0,0,no_makeup,no_makeup,no_makeup
xfsy_0086.png,0,0,0,no_makeup,no_makeup,no_makeup
xfsy_0088.png,0,0,0,no_makeup,no_makeup,no_makeup
xfsy_0089.png,0,0,0,no_makeup,no_makeup,no_makeup
xfsy_0091.png,0,0,0,no_makeup,no_makeup,no_makeup
xfsy_0092.png,0,0,0,no_makeup,no_makeup,no_makeup
xfsy_0094.png,0,0,0,no_makeup,no_makeup,no_makeup
xfsy_0095.png,0,0,0,no_makeup,no_makeup,no_makeup
xfsy_0097.png,0,0,0,no_makeup,no_makeup,no_makeup
xfsy_0098.png,0,0,0,no_makeup,no_makeup,no_makeup
xfsy_0099.png,0,0,0,no_makeup,no_makeup,no_makeup
xfsy_0100.png,0,0,0,no_makeup,no_makeup,no_makeup
xfsy_0101.png,0,0,0,no_makeup,no_makeup,no_makeup
xfsy_0102.png,0,0,0,no_makeup,no_makeup,no_makeup
xfsy_0103.png,0,0,0,no_makeup,no_makeup,no_makeup
xfsy_0104.png,0,0,0,no_makeup,no_makeup,no_makeup
xfsy_0106.png,0,0,0,no_makeup,no_makeup,no_makeup
xfsy_0107.png,0,0,0,no_makeup,no_makeup,no_makeup
xfsy_0109.png,0,0,0,no_makeup,no_makeup,no_makeup
xfsy_0110.png,0,0,0,no_makeup,no_makeup,no_makeup
xfsy_0113.png,0,0,0,no_makeup,no_makeup,no_makeup
xfsy_0114.png,0,0,0,no_makeup,no_makeup,no_makeup
xfsy_0115.png,0,0,0,no_makeup,no_makeup,no_makeup
xfsy_0116.png,0,0,0,no_makeup,no_makeup,no_makeup
xfsy_0117.png,0,0,0,no_makeup,no_makeup,no_makeup
xfsy_0119.png,0,0,0,no_makeup,no_makeup,no_makeup
xfsy_0121.png,0,0,0,no_makeup,no_makeup,no_makeup
xfsy_0124.png,0,0,0,no_makeup,no_makeup,no_makeup
xfsy_0125.png,0,0,0,no_makeup,no_makeup,no_makeup
xfsy_0126.png,0,0,0,no_makeup,no_makeup,no_makeup
xfsy_0127.png,0,0,0,no_makeup,no_makeup,no_makeup
xfsy_0128.png,0,0,0,no_makeup,no_makeup,no_makeup
xfsy_0129.png,0,0,0,no_makeup,no_makeup,no_makeup
xfsy_0130.png,0,0,0,no_makeup,no_makeup,no_makeup
xfsy_0131.png,0,0,0,no_makeup,no_makeup,no_makeup
xfsy_0133.png,0,0,0,no_makeup,no_makeup,no_makeup
xfsy_0135.png,0,0,0,no_makeup,no_makeup,no_makeup
xfsy_0136.png,0,0,0,no_makeup,no_makeup,no_makeup
xfsy_0138.png,0,0,0,no_makeup,no_makeup,no_makeup
xfsy_0139.png,0,0,0,no_makeup,no_makeup,no_makeup
xfsy_0141.png,0,0,0,no_makeup,no_makeup,no_makeup
xfsy_0142.png,0,0,0,no_makeup,no_makeup,no_makeup
xfsy_0143.png,0,0,0,no_makeup,no_makeup,no_makeup
xfsy_0144.png,0,0,0,no_makeup,no_makeup,no_makeup
xfsy_0145.png,0,0,0,no_makeup,no_makeup,no_makeup
xfsy_0146.png,0,0,0,no_makeup,no_makeup,no_makeup
xfsy_0147.png,0,0,0,no_makeup,no_makeup,no_makeup
xfsy_0148.png,0,0,0,no_makeup,no_makeup,no_makeup
xfsy_0149.png,0,0,0,no_makeup,no_makeup,no_makeup
xfsy_0150.png,0,0,0,no_makeup,no_makeup,no_makeup
xfsy_0151.png,0,0,0,no_makeup,no_makeup,no_makeup
xfsy_0152.png,0,0,0,no_makeup,no_makeup,no_makeup
xfsy_0153.png,0,0,0,no_makeup,no_makeup,no_makeup
xfsy_0154.png,0,0,0,no_makeup,no_makeup,no_makeup
xfsy_0156.png,0,0,0,no_makeup,no_makeup,no_makeup
xfsy_0157.png,0,0,0,no_makeup,no_makeup,no_makeup
xfsy_0158.png,0,0,0,no_makeup,no_makeup,no_makeup
xfsy_0159.png,0,0,0,no_makeup,no_makeup,no_makeup
xfsy_0161.png,0,0,0,no_makeup,no_makeup,no_makeup
xfsy_0162.png,0,0,0,no_makeup,no_makeup,no_makeup
xfsy_0163.png,0,0,0,no_makeup,no_makeup,no_makeup
xfsy_0164.png,0,0,0,no_makeup,no_makeup,no_makeup
xfsy_0165.png,0,0,0,no_makeup,no_makeup,no_makeup
xfsy_0166.png,0,0,0,no_makeup,no_makeup,no_makeup
xfsy_0167.png,0,0,0,no_makeup,no_makeup,no_makeup
xfsy_0168.png,0,0,0,no_makeup,no_makeup,no_makeup
xfsy_0170.png,0,0,0,no_makeup,no_makeup,no_makeup
xfsy_0172.png,0,0,0,no_makeup,no_makeup,no_makeup
xfsy_0173.png,0,0,0,no_makeup,no_makeup,no_makeup
xfsy_0174.png,0,0,0,no_makeup,no_makeup,no_makeup
xfsy_0175.png,0,0,0,no_makeup,no_makeup,no_makeup
xfsy_0176.png,0,0,0,no_makeup,no_makeup,no_makeup
xfsy_0177.png,0,0,0,no_makeup,no_makeup,no_makeup
xfsy_0178.png,0,0,0,no_makeup,no_makeup,no_makeup
xfsy_0179.png,0,0,0,no_makeup,no_makeup,no_makeup
xfsy_0181.png,0,0,0,no_makeup,no_makeup,no_makeup
xfsy_0182.png,0,0,0,no_makeup,no_makeup,no_makeup
xfsy_0183.png,0,0,0,no_makeup,no_makeup,no_makeup
xfsy_0185.png,0,0,0,no_makeup,no_makeup,no_makeup
xfsy_0186.png,0,0,0,no_makeup,no_makeup,no_makeup
xfsy_0187.png,0,0,0,no_makeup,no_makeup,no_makeup
xfsy_0188.png,0,0,0,no_makeup,no_makeup,no_makeup
xfsy_0189.png,0,0,0,no_makeup,no_makeup,no_makeup
xfsy_0190.png,0,0,0,no_makeup,no_makeup,no_makeup
xfsy_0193.png,0,0,0,no_makeup,no_makeup,no_makeup
xfsy_0194.png,0,0,0,no_makeup,no_makeup,no_makeup
xfsy_0195.png,0,0,0,no_makeup,no_makeup,no_makeup
xfsy_0196.png,0,0,0,no_makeup,no_makeup,no_makeup
xfsy_0197.png,0,0,0,no_makeup,no_makeup,no_makeup
xfsy_0198.png,0,0,0,no_makeup,no_makeup,no_makeup
xfsy_0200.png,0,0,0,no_makeup,no_makeup,no_makeup
xfsy_0201.png,0,0,0,no_makeup,no_makeup,no_makeup
xfsy_0202.png,0,0,0,no_makeup,no_makeup,no_makeup
xfsy_0203.png,0,0,0,no_makeup,no_makeup,no_makeup
xfsy_0204.png,0,0,0,no_makeup,no_makeup,no_makeup
xfsy_0205.png,0,0,0,no_makeup,no_makeup,no_makeup
xfsy_0207.png,0,0,0,no_makeup,no_makeup,no_makeup
xfsy_0208.png,0,0,0,no_makeup,no_makeup,no_makeup
xfsy_0209.png,0,0,0,no_makeup,no_makeup,no_makeup
xfsy_0210.png,0,0,0,no_makeup,no_makeup,no_makeup
xfsy_0211.png,0,0,0,no_makeup,no_makeup,no_makeup
xfsy_0213.png,0,0,0,no_makeup,no_makeup,no_makeup
xfsy_0214.png,0,0,0,no_makeup,no_makeup,no_makeup
xfsy_0215.png,0,0,0,no_makeup,no_makeup,no_makeup
xfsy_0216.png,0,0,0,no_makeup,no_makeup,no_makeup
xfsy_0217.png,0,0,0,no_makeup,no_makeup,no_makeup
xfsy_0218.png,0,0,0,no_makeup,no_makeup,no_makeup
xfsy_0219.png,0,0,0,no_makeup,no_makeup,no_makeup
xfsy_0220.png,0,0,0,no_makeup,no_makeup,no_makeup
xfsy_0221.png,0,0,0,no_makeup,no_makeup,no_makeup
xfsy_0223.png,0,0,0,no_makeup,no_makeup,no_makeup
xfsy_0224.png,0,0,0,no_makeup,no_makeup,no_makeup
xfsy_0225.png,0,0,0,no_makeup,no_makeup,no_makeup
xfsy_0226.png,0,0,0,no_makeup,no_makeup,no_makeup
xfsy_0227.png,0,0,0,no_makeup,no_makeup,no_makeup
xfsy_0230.png,0,0,0,no_makeup,no_makeup,no_makeup
xfsy_0231.png,0,0,0,no_makeup,no_makeup,no_makeup
xfsy_0232.png,0,0,0,no_makeup,no_makeup,no_makeup
xfsy_0233.png,0,0,0,no_makeup,no_makeup,no_makeup
xfsy_0234.png,0,0,0,no_makeup,no_makeup,no_makeup
xfsy_0236.png,0,0,0,no_makeup,no_makeup,no_makeup
xfsy_0237.png,0,0,0,no_makeup,no_makeup,no_makeup
xfsy_0238.png,0,0,0,no_makeup,no_makeup,no_makeup
xfsy_0239.png,0,0,0,no_makeup,no_makeup,no_makeup
xfsy_0240.png,0,0,0,no_makeup,no_makeup,no_makeup
xfsy_0242.png,0,0,0,no_makeup,no_makeup,no_makeup
xfsy_0243.png,0,0,0,no_makeup,no_makeup,no_makeup
xfsy_0244.png,0,0,0,no_makeup,no_makeup,no_makeup
xfsy_0245.png,0,0,0,no_makeup,no_makeup,no_makeup
xfsy_0247.png,0,0,0,no_makeup,no_makeup,no_makeup
xfsy_0248.png,0,0,0,no_makeup,no_makeup,no_makeup
xfsy_0249.png,0,0,0,no_makeup,no_makeup,no_makeup
xfsy_0251.png,0,0,0,no_makeup,no_makeup,no_makeup
xfsy_0253.png,0,0,0,no_makeup,no_makeup,no_makeup
xfsy_0254.png,0,0,0,no_makeup,no_makeup,no_makeup
xfsy_0256.png,0,0,0,no_makeup,no_makeup,no_makeup
xfsy_0257.png,0,0,0,no_makeup,no_makeup,no_makeup
xfsy_0258.png,0,0,0,no_makeup,no_makeup,no_makeup
xfsy_0259.png,0,0,0,no_makeup,no_makeup,no_makeup
xfsy_0261.png,0,0,0,no_makeup,no_makeup,no_makeup
xfsy_0263.png,0,0,0,no_makeup,no_makeup,no_makeup
xfsy_0264.png,0,0,0,no_makeup,no_makeup,no_makeup
xfsy_0265.png,0,0,0,no_makeup,no_makeup,no_makeup
xfsy_0266.png,0,0,0,no_makeup,no_makeup,no_makeup
xfsy_0267.png,0,0,0,no_makeup,no_makeup,no_makeup
xfsy_0268.png,0,0,0,no_makeup,no_makeup,no_makeup
xfsy_0269.png,0,0,0,no_makeup,no_makeup,no_makeup
xfsy_0272.png,0,0,0,no_makeup,no_makeup,no_makeup
xfsy_0273.png,0,0,0,no_makeup,no_makeup,no_makeup
xfsy_0274.png,0,0,0,no_makeup,no_makeup,no_makeup
xfsy_0276.png,0,0,0,no_makeup,no_makeup,no_makeup
xfsy_0277.png,0,0,0,no_makeup,no_makeup,no_makeup
xfsy_0279.png,0,0,0,no_makeup,no_makeup,no_makeup
xfsy_0280.png,0,0,0,no_makeup,no_makeup,no_makeup
xfsy_0282.png,0,0,0,no_makeup,no_makeup,no_makeup
xfsy_0283.png,0,0,0,no_makeup,no_makeup,no_makeup
xfsy_0284.png,0,0,0,no_makeup,no_makeup,no_makeup
xfsy_0285.png,0,0,0,no_makeup,no_makeup,no_makeup
xfsy_0288.png,0,0,0,no_makeup,no_makeup,no_makeup
xfsy_0289.png,0,0,0,no_makeup,no_makeup,no_makeup
xfsy_0290.png,0,0,0,no_makeup,no_makeup,no_makeup
xfsy_0291.png,0,0,0,no_makeup,no_makeup,no_makeup
xfsy_0294.png,0,0,0,no_makeup,no_makeup,no_makeup
xfsy_0295.png,0,0,0,no_makeup,no_makeup,no_makeup
xfsy_0298.png,0,0,0,no_makeup,no_makeup,no_makeup
xfsy_0299.png,0,0,0,no_makeup,no_makeup,no_makeup
xfsy_0300.png,0,0,0,no_makeup,no_makeup,no_makeup
xfsy_0301.png,0,0,0,no_makeup,no_makeup,no_makeup
xfsy_0302.png,0,0,0,no_makeup,no_makeup,no_makeup
xfsy_0303.png,0,0,0,no_makeup,no_makeup,no_makeup
xfsy_0304.png,0,0,0,no_makeup,no_makeup,no_makeup
xfsy_0306.png,0,0,0,no_makeup,no_makeup,no_makeup
xfsy_0307.png,0,0,0,no_makeup,no_makeup,no_makeup
xfsy_0308.png,0,0,0,no_makeup,no_makeup,no_makeup
xfsy_0309.png,0,0,0,no_makeup,no_makeup,no_makeup
xfsy_0310.png,0,0,0,no_makeup,no_makeup,no_makeup
xfsy_0312.png,0,0,0,no_makeup,no_makeup,no_makeup
xfsy_0313.png,0,0,0,no_makeup,no_makeup,no_makeup
xfsy_0315.png,0,0,0,no_makeup,no_makeup,no_makeup
xfsy_0317.png,0,0,0,no_makeup,no_makeup,no_makeup
xfsy_0318.png,0,0,0,no_makeup,no_makeup,no_makeup
xfsy_0321.png,0,0,0,no_makeup,no_makeup,no_makeup
xfsy_0322.png,0,0,0,no_makeup,no_makeup,no_makeup
xfsy_0324.png,0,0,0,no_makeup,no_makeup,no_makeup
xfsy_0326.png,0,0,0,no_makeup,no_makeup,no_makeup
xfsy_0327.png,0,0,0,no_makeup,no_makeup,no_makeup
xfsy_0329.png,0,0,0,no_makeup,no_makeup,no_makeup
xfsy_0330.png,0,0,0,no_makeup,no_makeup,no_makeup
xfsy_0331.png,0,0,0,no_makeup,no_makeup,no_makeup
xfsy_0333.png,0,0,0,no_makeup,no_makeup,no_makeup
xfsy_0334.png,0,0,0,no_makeup,no_makeup,no_makeup
xfsy_0336.png,0,0,0,no_makeup,no_makeup,no_makeup
xfsy_0338.png,0,0,0,no_makeup,no_makeup,no_makeup
xfsy_0339.png,0,0,0,no_makeup,no_makeup,no_makeup
xfsy_0340.png,0,0,0,no_makeup,no_makeup,no_makeup
xfsy_0341.png,0,0,0,no_makeup,no_makeup,no_makeup
xfsy_0342.png,0,0,0,no_makeup,no_makeup,no_makeup
xfsy_0343.png,0,0,0,no_makeup,no_makeup,no_makeup
xfsy_0345.png,0,0,0,no_makeup,no_makeup,no_makeup
xfsy_0350.png,0,0,0,no_makeup,no_makeup,no_makeup
xfsy_0351.png,0,0,0,no_makeup,no_makeup,no_makeup
xfsy_0352.png,0,0,0,no_makeup,no_makeup,no_makeup
xfsy_0353.png,0,0,0,no_makeup,no_makeup,no_makeup
xfsy_0354.png,0,0,0,no_makeup,no_makeup,no_makeup
xfsy_0356.png,0,0,0,no_makeup,no_makeup,no_makeup
xfsy_0358.png,0,0,0,no_makeup,no_makeup,no_makeup
xfsy_0360.png,0,0,0,no_makeup,no_makeup,no_makeup
xfsy_0361.png,0,0,0,no_makeup,no_makeup,no_makeup
xfsy_0362.png,0,0,0,no_makeup,no_makeup,no_makeup
xfsy_0363.png,0,0,0,no_makeup,no_makeup,no_makeup
xfsy_0364.png,0,0,0,no_makeup,no_makeup,no_makeup
xfsy_0366.png,0,0,0,no_makeup,no_makeup,no_makeup
xfsy_0369.png,0,0,0,no_makeup,no_makeup,no_makeup
xfsy_0370.png,0,0,0,no_makeup,no_makeup,no_makeup
xfsy_0371.png,0,0,0,no_makeup,no_makeup,no_makeup
xfsy_0372.png,0,0,0,no_makeup,no_makeup,no_makeup
xfsy_0373.png,0,0,0,no_makeup,no_makeup,no_makeup
xfsy_0377.png,0,0,0,no_makeup,no_makeup,no_makeup
xfsy_0378.png,0,0,0,no_makeup,no_makeup,no_makeup
xfsy_0379.png,0,0,0,no_makeup,no_makeup,no_makeup
xfsy_0380.png,0,0,0,no_makeup,no_makeup,no_makeup
xfsy_0381.png,0,0,0,no_makeup,no_makeup,no_makeup
xfsy_0382.png,0,0,0,no_makeup,no_makeup,no_makeup
xfsy_0383.png,0,0,0,no_makeup,no_makeup,no_makeup
xfsy_0384.png,0,0,0,no_makeup,no_makeup,no_makeup
xfsy_0385.png,0,0,0,no_makeup,no_makeup,no_makeup
xfsy_0386.png,0,0,0,no_makeup,no_makeup,no_makeup
xfsy_0387.png,0,0,0,no_makeup,no_makeup,no_makeup
xfsy_0388.png,0,0,0,no_makeup,no_makeup,no_makeup
xfsy_0389.png,0,0,0,no_makeup,no_makeup,no_makeup
xfsy_0390.png,0,0,0,no_makeup,no_makeup,no_makeup
xfsy_0394.png,0,0,0,no_makeup,no_makeup,no_makeup
xfsy_0396.png,0,0,0,no_makeup,no_makeup,no_makeup
xfsy_0397.png,0,0,0,no_makeup,no_makeup,no_makeup
xfsy_0398.png,0,0,0,no_makeup,no_makeup,no_makeup
xfsy_0399.png,0,0,0,no_makeup,no_makeup,no_makeup
xfsy_0400.png,0,0,0,no_makeup,no_makeup,no_makeup
xfsy_0401.png,0,0,0,no_makeup,no_makeup,no_makeup
xfsy_0402.png,0,0,0,no_makeup,no_makeup,no_makeup
xfsy_0403.png,0,0,0,no_makeup,no_makeup,no_makeup
xfsy_0404.png,0,0,0,no_makeup,no_makeup,no_makeup
xfsy_0405.png,0,0,0,no_makeup,no_makeup,no_makeup
xfsy_0406.png,0,0,0,no_makeup,no_makeup,no_makeup
xfsy_0407.png,0,0,0,no_makeup,no_makeup,no_makeup
xfsy_0408.png,0,0,0,no_makeup,no_makeup,no_makeup
xfsy_0409.png,0,0,0,no_makeup,no_makeup,no_makeup
xfsy_0410.png,0,0,0,no_makeup,no_makeup,no_makeup
xfsy_0411.png,0,0,0,no_makeup,no_makeup,no_makeup
xfsy_0412.png,0,0,0,no_makeup,no_makeup,no_makeup
xfsy_0413.png,0,0,0,no_makeup,no_makeup,no_makeup
xfsy_0415.png,0,0,0,no_makeup,no_makeup,no_makeup
xfsy_0416.png,0,0,0,no_makeup,no_makeup,no_makeup
xfsy_0417.png,0,0,0,no_makeup,no_makeup,no_makeup
xfsy_0418.png,0,0,0,no_makeup,no_makeup,no_makeup
xfsy_0420.png,0,0,0,no_makeup,no_makeup,no_makeup
xfsy_0421.png,0,0,0,no_makeup,no_makeup,no_makeup
xfsy_0422.png,0,0,0,no_makeup,no_makeup,no_makeup
xfsy_0423.png,0,0,0,no_makeup,no_makeup,no_makeup
xfsy_0424.png,0,0,0,no_makeup,no_makeup,no_makeup
xfsy_0425.png,0,0,0,no_makeup,no_makeup,no_makeup
xfsy_0426.png,0,0,0,no_makeup,no_makeup,no_makeup
xfsy_0428.png,0,0,0,no_makeup,no_makeup,no_makeup
xfsy_0429.png,0,0,0,no_makeup,no_makeup,no_makeup
xfsy_0430.png,0,0,0,no_makeup,no_makeup,no_makeup
xfsy_0431.png,0,0,0,no_makeup,no_makeup,no_makeup
xfsy_0434.png,0,0,0,no_makeup,no_makeup,no_makeup
xfsy_0435.png,0,0,0,no_makeup,no_makeup,no_makeup
xfsy_0436.png,0,0,0,no_makeup,no_makeup,no_makeup
xfsy_0437.png,0,0,0,no_makeup,no_makeup,no_makeup
xfsy_0438.png,0,0,0,no_makeup,no_makeup,no_makeup
xfsy_0439.png,0,0,0,no_makeup,no_makeup,no_makeup
xfsy_0440.png,0,0,0,no_makeup,no_makeup,no_makeup
xfsy_0441.png,0,0,0,no_makeup,no_makeup,no_makeup
xfsy_0443.png,0,0,0,no_makeup,no_makeup,no_makeup
xfsy_0444.png,0,0,0,no_makeup,no_makeup,no_makeup
xfsy_0446.png,0,0,0,no_makeup,no_makeup,no_makeup
xfsy_0447.png,0,0,0,no_makeup,no_makeup,no_makeup
xfsy_0448.png,0,0,0,no_makeup,no_makeup,no_makeup
xfsy_0450.png,0,0,0,no_makeup,no_makeup,no_makeup
xfsy_0452.png,0,0,0,no_makeup,no_makeup,no_makeup
xfsy_0454.png,0,0,0,no_makeup,no_makeup,no_makeup
xfsy_0456.png,0,0,0,no_makeup,no_makeup,no_makeup
xfsy_0457.png,0,0,0,no_makeup,no_makeup,no_makeup
xfsy_0458.png,0,0,0,no_makeup,no_makeup,no_makeup
xfsy_0459.png,0,0,0,no_makeup,no_makeup,no_makeup
xfsy_0460.png,0,0,0,no_makeup,no_makeup,no_makeup
xfsy_0461.png,0,0,0,no_makeup,no_makeup,no_makeup
xfsy_0462.png,0,0,0,no_makeup,no_makeup,no_makeup
xfsy_0463.png,0,0,0,no_makeup,no_makeup,no_makeup
xfsy_0464.png,0,0,0,no_makeup,no_makeup,no_makeup
xfsy_0465.png,0,0,0,no_makeup,no_makeup,no_makeup
xfsy_0466.png,0,0,0,no_makeup,no_makeup,no_makeup
xfsy_0468.png,0,0,0,no_makeup,no_makeup,no_makeup
xfsy_0469.png,0,0,0,no_makeup,no_makeup,no_makeup
xfsy_0470.png,0,0,0,no_makeup,no_makeup,no_makeup
xfsy_0474.png,0,0,0,no_makeup,no_makeup,no_makeup
xfsy_0475.png,0,0,0,no_makeup,no_makeup,no_makeup
xfsy_0476.png,0,0,0,no_makeup,no_makeup,no_makeup
xfsy_0477.png,0,0,0,no_makeup,no_makeup,no_makeup
xfsy_0478.png,0,0,0,no_makeup,no_makeup,no_makeup
xfsy_0480.png,0,0,0,no_makeup,no_makeup,no_makeup
xfsy_0482.png,0,0,0,no_makeup,no_makeup,no_makeup
xfsy_0483.png,0,0,0,no_makeup,no_makeup,no_makeup
xfsy_0484.png,0,0,0,no_makeup,no_makeup,no_makeup
xfsy_0485.png,0,0,0,no_makeup,no_makeup,no_makeup
xfsy_0486.png,0,0,0,no_makeup,no_makeup,no_makeup
xfsy_0487.png,0,0,0,no_makeup,no_makeup,no_makeup
xfsy_0489.png,0,0,0,no_makeup,no_makeup,no_makeup
xfsy_0490.png,0,0,0,no_makeup,no_makeup,no_makeup
xfsy_0491.png,0,0,0,no_makeup,no_makeup,no_makeup
xfsy_0492.png,0,0,0,no_makeup,no_makeup,no_makeup
xfsy_0493.png,0,0,0,no_makeup,no_makeup,no_makeup
xfsy_0494.png,0,0,0,no_makeup,no_makeup,no_makeup
xfsy_0495.png,0,0,0,no_makeup,no_makeup,no_makeup
xfsy_0496.png,0,0,0,no_makeup,no_makeup,no_makeup
xfsy_0497.png,0,0,0,no_makeup,no_makeup,no_makeup
xfsy_0498.png,0,0,0,no_makeup,no_makeup,no_makeup
xfsy_0499.png,0,0,0,no_makeup,no_makeup,no_makeup
xfsy_0500.png,0,0,0,no_makeup,no_makeup,no_makeup
xfsy_0503.png,0,0,0,no_makeup,no_makeup,no_makeup
xfsy_0504.png,0,0,0,no_makeup,no_makeup,no_makeup
xfsy_0505.png,0,0,0,no_makeup,no_makeup,no_makeup
xfsy_0506.png,0,0,0,no_makeup,no_makeup,no_makeup
xfsy_0507.png,0,0,0,no_makeup,no_makeup,no_makeup
xfsy_0508.png,0,0,0,no_makeup,no_makeup,no_makeup
xfsy_0509.png,0,0,0,no_makeup,no_makeup,no_makeup
xfsy_0510.png,0,0,0,no_makeup,no_makeup,no_makeup
xfsy_0512.png,0,0,0,no_makeup,no_makeup,no_makeup
xfsy_0513.png,0,0,0,no_makeup,no_makeup,no_makeup
xfsy_0515.png,0,0,0,no_makeup,no_makeup,no_makeup
xfsy_0517.png,0,0,0,no_makeup,no_makeup,no_makeup
xfsy_0518.png,0,0,0,no_makeup,no_makeup,no_makeup
xfsy_0520.png,0,0,0,no_makeup,no_makeup,no_makeup
xfsy_0521.png,0,0,0,no_makeup,no_makeup,no_makeup
xfsy_0522.png,0,0,0,no_makeup,no_makeup,no_makeup
xfsy_0523.png,0,0,0,no_makeup,no_makeup,no_makeup
xfsy_0525.png,0,0,0,no_makeup,no_makeup,no_makeup
